NPC_ID,Type,NPC_Name,LV,ธาตุ,HP,SP,INT,ATK,DEF,HPX,SPX,AGI,Skill_1,Skill_2,Skill_3,Drop_Items,MAP,District,City,MAP_ID
17013,ปกติ,ทหาร,6,ดิน,43,63,1,3,3,2,1,2,ท่อนไม้โจมตี,-,-,"ยาเม็ดขาว, ขนมน้ำชา, ยาน้ำพุทิพย์",ป่าจงซาน1,อิวโจว,จัวจวิ้น,
10035,ปกติ,เสี่ยวฟางเจียง,7,ดิน,47,75,1,3,2,3,2,4,ศิลาร่วง,-,-,"เนื้อสันหมู, รากบัวกรอบ, สุราขุ่น",ป่าโหลวซาง4,อิวโจว,จัวจวิ้น,
10059,ปกติ,ทหารเกราะหนัก,8,ดิน,51,74,1,3,7,3,1,1,ศิลาร่วง,-,-,ยาน้ำพุทิพย์,ป่าจงซาน2,อิวโจว,จัวจวิ้น,
17046,ปกติ,ทหารศึกชั้นยอด,9,ดิน,55,75,2,4,5,4,1,2,ศิลาร่วง,-,-,"หมั่นโถวขาว, หมั่นโถวเล็ก, สุราขุ่น",ป่าจงซาน3,อิวโจว,จัวจวิ้น,
10067,ปกติ,ทหารหาญทะลาย,10,ดิน,59,82,3,5,3,4,2,3,ท่อนไม้โจมตี,-,-,"ขนมน้ำชา, สุราห้ากระตอง",ป่าจงซาน3,อิวโจว,จัวจวิ้น,
10034,ปกติ,ต้าฟางเจี้ยง,10,ดิน,59,82,2,5,5,4,2,2,ท่อนไม้โจมตี,-,-,"ยาน้ำรักษาแผล, รากบัวกรอบ, สุราขุ่น",ป่าโหลวซาง3,อิวโจว,จัวจวิ้น,
10195,ปกติ,ทหารหาญเหลือง,11,ดิน,55,122,2,4,10,2,2,4,ศิลาร่วง,-,-,"น้ำเพิ่งขึ้น, น้ำองุ่นแดง, ยาคืนวิญญาณ",ป่าแห่งศิลา,อิวโจว,จัวจวิ้น,12801
10071,ปกติ,ทหารหวงเทียน,13,ดิน,72,84,1,8,5,5,2,5,กับดัก,-,-,"แอปเปิ้ลน้อย, ขนน้ำชา",ป่าจวี่ลู่,จี้โจว,เยี่ยเฉิง,
17014,ปกติ,ทหารศึกกล้า,15,ดิน,97,87,1,7,7,10,2,3,กับดัก,-,-,"เนื้อสันหมู, รากบัวกรอบ",ป่าฉางซาน,จี้โจว,เยี่ยเฉิง,
10202,ปกติ,ทหารหาญเฮยซาน,16,ดิน,116,97,5,7,6,6,4,4,ท่อนไม้โจมตี,-,-,"ส้มน้อย, มะละกอเขียว, ควันผู้ป้องกัน, กระดาษเหลือง(2)",ป่าซีซาน,จี้โจว,เยี่ยเฉิง,
10204,ปกติ,ทหารมารเฮยซาน,18,ดิน,125,102,5,5,8,7,4,6,ท่อนไม้โจมตี,-,-,"ส้มน้อย, มะละกอเขียว, กระดูกหมาป่า(4)",ป่าซีซาน,จี้โจว,เยี่ยเฉิง,
10125,ปกติ,ทหารหมาป่า,20,ดิน,108,94,1,12,6,9,2,10,ท่อนไม้โจมตี,-,-,"ยาบำรุงโลหิต, สุราขาว, ดินปั้นดำ(3), เศษหนังหมาป่า(2)",ป่าหลีหยาง,จี้โจว,เยี่ยเฉิง,
17038,ปกติ,ผู้นำทหารเสือ,23,ดิน,118,107,4,11,11,9,4,7,ท่อนไม้โจมตี,-,-,"เนื้อขี้เมา, สุราเก่า","ป่าเหอเหยี่ย,ป่าเหอเน่ย",จี้โจว,เยี่ยเฉิง,
14209,ปกติ,ชนเผ่านอกด่าน1,24,ดิน,122,116,1,12,10,10,6,10,กับดัก,-,-,"ผักกาดขาวเค็ม, เอ้อกัวโถว, องุ่นม่วง, หนังหยาบหนา(2)",นอกด่าน3,แดนหิมะ,จัวจวิ้น,
10189,ปกติ,ทหารศึกเฮยซาน,25,ดิน,154,101,3,13,6,16,2,10,กับดัก,-,-,"คุกกี้เนย, สุราหน่อไม้, สุราน้ำผึ้ง, ยาคืนวิญญาณ",ป่าตุนชิว,เขตซิงโจว,ตงจวิ้น,
17079,ปกติ,ผู้พิทักษ์ป่า,25,ดิน,132,119,3,12,13,11,3,8,กับดัก,-,-,"ยารักษาบาดเจ็บ, ยาน้ำจงหยวน",ป่าตงจวิ้น,เขตซิงโจว,ตงจวิ้น,
14210,ปกติ,ชนเผ่านอกด่าน2,26,ดิน,132,124,12,2,10,10,7,11,กับดัก,-,-,"ผักกาดขาวเค็ม, องุ่นม่วง, เอ้อกัวโถว, โสมคนแก่, น้ำแข็งน้ำเอ่อ",นอกด่าน3,แดนหิมะ,จัวจวิ้น,
10119,ปกติ,ทหารแพรเหลือง2,26,ดิน,142,143,6,13,10,10,11,5,กับดัก,-,-,สุราเจียงหวาย,ป่าเวยซาน,เขตซิงโจว,ตงจวิ้น,
10190,ปกติ,ทหารทวนเฮยซาน,26,ดิน,162,103,3,14,7,17,2,9,ท่อนไม้โจมตี,-,-,"คุกกี้เนย, สุรายาน้ำผึ้ง, ควันผู้ปกป้อง",ป่าตุ้นชิว,เขตซิงโจว,ตงจวิ้น,
14211,ปกติ,ประหลาดเร้นกาย,27,ดิน,115,154,14,9,9,6,13,9,ฟันใต้ดิน,-,-,"แอปเปิ้ลน้อย, ชาซงซ่ำ",นอกด่าน5,แดนหิมะ,จัวจวิ้น,
10199,ปกติ,ทหารเลวเฮยซาน,28,ดิน,172,133,10,9,9,11,8,9,กับดัก,-,-,"ยาน้ำจงหยวน, สุราหน่อไม้",ป่าเป่ยหวง,จี้โจว,เยี่ยเฉิง,
17153,ปกติ,ฮู่จวินเซี่ยว,30,ดิน,191,122,5,15,11,14,5,9,กับดัก,-,-,"เห็ดหอมใหญ่, เนื้อขี้เมา, เนื้อสับ",ดินแดนหิมะซางหลี,แดนหิมะ,เซียงผิง,
14162,ปกติ,คนเถื่อน,34,ดิน,171,138,5,16,21,14,7,5,วิชาศิลาร่วง,ฟันใต้ดิน,-,"ลูกเจ้าแดง, ยากำหนดปราณ, สุราต้าอู่",นอกด่าน4,แดนหิมะ,จัวจวิ้น,
14212,ปกติ,จ้าวโจรม้า,34,ดิน,153,114,7,28,4,10,2,17,ฟันใต้ดิน,-,-,"ลูกเจ้าแดง, ยากำหนดปราณ, สุราต้าอู่",นอกด่าน5,แดนหิมะ,จัวจวิ้น,
17061,ปกติ,ทหารเกราะห้าว,35,ดิน,176,146,2,14,20,14,8,12,กับดัก,-,-,"ปลาหางเสือ, ปลาซิวเตา, สุราชีเพิง, ดินปั้นเขียว(4)",ป่าหนิวจู่,เจียงตง,เจี้ยนเยี่ย,
17143,ปกติ,ทหารศึกดาบกวาด,35,ดิน,215,130,3,20,15,15,5,13,กับดัก,-,-,"ไหถวนผัดสุรา, ชาหนานหยาง, หอยทากทุ่งนา",ป่าตานหยาง,เจียงตง,เจี้ยนเยี่ย,
13042,ปกติ,ทหารคุมหางเสือ,38,ดิน,209,159,10,11,13,19,10,13,กับดัก,-,-,"ปลาหางเสือ, ปลาเค็มเล็ก, ไห่ถวนผัดสุรา",ค่ายน้ำลูเจียง,ไหวหนาน,โซ่วชุน,
17081,ปกติ,ทหารหาญดำ,38,ดิน,209,134,5,19,15,19,5,13,กับดัก,-,-,"เนื้อแพะแห้ง, เนื้อขี้เมา, เนื้อสันหมู, ดินปั้นอี(5)",ป่าหย่งคัง,เขต,เจียงตง,
17240,ปกติ,ผู้กล้าตาย,39,ดิน,207,146,3,19,14,18,7,16,กับดัก,-,-,"ผักบุ้ง, น้ำค้างเขียว, แคนตาลูป, ยาคืนวิญญาณ",ป่าอู่จวิ้น,เจียงตง,อู๋จวิ้น,
10132,ปกติ,ทหารรบเงาตาย,40,ดิน,221,137,4,21,18,20,5,12,ฟันใต้ดิน,-,-,ยาบำรุงโลหิต,ป่ากว้างหลิง,เขตสวีโจว,สวีโจว,
17302,ปกติ,ทหารสิงคำราม,41,ดิน,234,134,4,20,16,22,4,16,กับดัก,-,-,"น้ำเพิ่งขึ้น, สุราเก่า, สุราเหวินจวิน, ผลึกหนาว(4)",เขาไป้หลาง2,แดนหิมะ,เซียงผิง,
17232,ปกติ,หญิงเผ่าเยี่ย,41,ดิน,205,163,5,18,10,16,10,23,ท่อนไม้โจมตี,-,-,"ยาเม็ดรักษามาร, ยาน้ำบำรุงกาย, หอยเหล็กหมาด",ป่าชวนเฉิง,เขตเจียงตง,เจี้ยนเยี่ย,
17250,ปกติ,ทหารศึกฉาตู๋,42,ดิน,222,155,7,20,15,19,8,14,กับดัก,-,-,"หอยเหล็กหมาด, หอยทากทุ่งนา, น้ำแร่กระเรียน, ยันต์กับดัก",ป่าอุยจี1,เขตเจียงตง,อุยจี,
17252,ปกติ,ทหารหญิงเหิน,42,ดิน,211,166,5,14,18,17,10,19,กับดัก,-,-,"เห็ดฟาง, นารีแดง, สุราข้าวเดือย",ยอดเขาเจียนอัน,เขตเจียงตง,อุยจี,
17289,ปกติ,อั้วจวี่หมาน,43,ดิน,240,142,4,20,17,22,5,15,กับดัก,-,-,"กระเรียนขาว, กระเรียนแดง, สุราเก่า, ควันผู้ป้องกัน",ดินแดนหิมะฉางไป้,แดนหิมะ,เซียงผิง,
10212,ปกติ,หมาป่าธงเหลือง,44,ดิน,202,148,9,18,9,14,6,32,ท่อนไม้โจมตี,-,-,"มะละกอเขียว, แพรต่วนฟ้าคราม(3), ผ้าทอมือ(6)",เขามางด้าง,เขตสวีโจว,สวีโจว,
17243,ปกติ,ทหารศึกฝูเยี่ย,44,ดิน,243,153,5,20,19,22,7,16,กับดัก,-,-,"ปลาซิวเตา, ปลาหางเสือ, กุ้งเผาไฟ, ยาวิญญาณม่วง",บึงอูเฉิง3,เขตเจียงตง,อู๋จวิ้น,
17276,ปกติ,หัวหน้าเยี่ย,44,ดิน,238,158,7,19,20,21,8,14,กับดัก,-,-,"สุราชีเพิง, สุราเจี้ยนจาง, สุราท่าเก็บ, แผแผ่นไผ่(5)",ยอดเขาจิงเซียน,เขตเจียงตง,อุยจี,
17291,ปกติ,คนล่าหมี,46,ดิน,244,161,9,17,19,21,8,15,ฟันใต้ดิน,-,-,"ยารักษาบาดเจ็บ, นมแพะ, คุกกี้เนย, น้ำแข็งสวรรค์",ดินแดนหิมะซินซาง,แดนหิมะ,เซียงผิง,
17115,ปกติ,ทหารจิ้งอู่,46,ดิน,285,167,7,16,19,20,9,18,กับดัก,-,-,"ปลาเกล็ดเงิน, สุรากู่เหลียง, ไห่ฉวนผัดสุรา, เลือดคุณธรรม(5)",บึงหวีหยาง3,เขตเจียงตง,อุยจี,
17283,ปกติ,ทหารเหลียว,47,ดิน,258,158,7,21,19,23,7,17,ฟันใต้ดิน,-,-,"ผักบุ้ง, ยาน้ำบำรุงกาย, ยารักษาบาดเจ็บ, หนังเดียวหิมะ(4)",แดนหิมะเหลียวซุ่ย,แดนหิมะ,เซียงผิง,
10047,ปกติ,ทหารศึกชาวบ้าน,47,ดิน,300,142,3,31,16,31,4,11,กับดัก,-,-,"ยาเม็ดปอดผ่าน, เนื้อแพะแห้ง","ค่ายน้ำชวีอี้1, ค่ายน้ำชวีอี้2",เขตไหวหนาน,โซ่วชุน,
10188,ปกติ,ชาวบ้านอดอยาก,48,ดิน,177,165,10,32,11,7,8,30,ฟันใต้ดิน,-,-,"ยามนุษย์เหล็ก, ยาเม็ดหงษ์น้อย",ค่ายน้ำชวีอี้2,เขตไหวหนาน,โซ่วชุน,
28026,ปกติ,แมวภูเขาหิมะ,49,ดิน,269,166,6,18,17,24,8,23,หินถล่ม,-,-,"ปลาชงเจียง, เนื้อขี้เมา, น้ำเพิ่งขึ้น",ดินแดนหิมะเปยเฟิง,แดนหิมะ,เซียงผิง,
10073,ปกติ,ทหารหาญเทียนกง,49,ดิน,195,166,16,20,17,10,8,16,ฟันใต้ดิน,-,-,"ผงแก้ปวด, ผงหยุดตระหนก, สุราขุนพล",ป่าเซียงเชี่ยน2,เขตสวีโจว,สวีโจว,
10138,ปกติ,จ้าวเกราะโทสะ,50,ดิน,276,189,7,24,28,20,12,15,ฟันใต้ดิน,-,-,"น้ำนมเกษรบัว, สุรากู่เหลียง, ไม้กุ้ยชั้น1(5)",ยอดเขาเทียนจู้,เขตไหวหนาน,โซ่วชุน,
17090,ปกติ,นักรบเวยอู่,51,ดิน,257,194,16,20,15,20,13,12,ฟันใต้ดิน,-,-,"เนื้อห้าดอกไม้, ผงเดินพลัง",ป้อมหยูซวี่2บนซ้าย,เขตไหวหนาน,โซ่วชุน,
17370,ปกติ,ทหารเหอตง,51,ดิน,257,192,8,21,21,20,12,18,ยิงก้อนหิน,-,-,"สุราเกาเหลียง, สุราต้าซี",ป่าเหอตง,เขตปิงโจว,เหอตง,
17138,ปกติ,ทหารเกราะเตียว,52,ดิน,314,138,5,28,26,21,2,20,กับดัก,-,-,"หอยแครง, หอยเหล็กหมาด, กล้วยยักษ์, ไม้รังหงษ์(13)",บึงเพิงเจ๋อ,เขตเจียงตง,เจี้ยนเยี่ย,
10090,ปกติ,จี้จิ่วซือ,56,ดิน,264,212,30,10,21,19,15,18,ฟันใต้ดิน,-,-,"เนื้อขี้เมา, สุราข้าวเดือย",ป่าเพิงไหล2,เขตชิงโจว,เปยไห่,
17098,ปกติ,นักรบติ้งหย่วน,56,ดิน,283,207,11,19,21,22,14,25,ฟันใต้ดิน,-,-,"หมั่นโถวใหญ่, น้ำแร่กระเรียน, สุราข้าวเดือย",ป่าหยางเฉิง,เขตเหยียนโจว,หว่านเฉิง,
14248,ปกติ,ทหารเกราะทอง,59,ดิน,298,164,11,19,38,24,5,21,ฟันใต้ดิน,-,-,"ยาเม็ดหงษ์น้อย, สาลิ่นน้ำเล็ก, สุราหนิงลู่, ควันผู้ป้องกัน",ป่าหยู่หนาน,เขตเหยียนโจว,หยู่หนาน,
17130,ปกติ,นักสู้,61,ดิน,373,224,17,15,40,25,15,15,ฟันใต้ดิน,-,-,"ยาเม็ดสิบซ้ำ, ยาเม็ดคุ้มสมาน",ป่าหร่างซาน,เขตเหยียนโจว,หว่านเฉิง,
17376,ปกติ,มือดาบพลิก,62,ดิน,376,223,5,27,28,25,15,24,ยิงก้อนหิน,-,-,"สุราเก่า, บะหมี่เนื้อแพะ",ป่าเกาตู1,ปิ้งโจว,ซังตั่ง,
10245,ปกติ,ทหารใหญ่,62,ดิน,433,218,7,34,27,35,6,16,ฟันใต้ดิน,-,-,"เห็ดฟางป่า, สุราโจ๊ก",ป่าฝนลีผู้,เจียวโจว,พานหวี,
17074,ปกติ,ทหารเรือใหญ่,63,ดิน,408,210,10,21,24,28,12,29,กับดัก,-,-,"หอยกาบ, ปลาครีบดำตาขาว, ชาย้อนชุม, ยันต์ฟันใต้ดิน",ค่ายไฉซาง2,เจียงตง,ไซ่วชุน,
17118,ปกติ,ขุนพลพิษ,64,ดิน,402,268,24,16,26,28,22,17,ฟันใต้ดิน,-,-,"นมแพะ, สุราเก่า, สุราข้าว, กระดูกหมี(6)",ปากถ้ำเซียนตู่,เหยียนโจว,หว่านเฉิง,
17086,ปกติ,นักรบเซียนอู่,65,ดิน,395,224,12,32,26,26,14,25,ฟันใต้ดิน,-,-,"น้ำเต้าหู้, สุราเหลือง, น้ำมะเขือแดง",ป่าหยางหยาง,เหยียนโจว,เฉินหลิว,
17577,ปกติ,ทหารหลิ่งหนาน,65,ดิน,452,224,9,35,17,36,6,27,ยิงก้อนหิน,-,-,"ผงไหมมรกต, ชารสชุ่มชื้น",ป่าฝนจงซู่1,เจียวโจว,พานหวี,
17075,ปกติ,ทหารเกราะดำ,68,ดิน,429,183,5,37,26,28,6,33,ฟันใต้ดิน,-,-,"ปลาเกล็ดเงิน, หอยหงษ์แดง, ปลาครีบดำตาขาว, กิ่งหลิว(5)",ค่ายอวี้จาง,เจียงตง,ไซ่วชุน,
10044,ปกติ,ทหารเซ่นปิศาจ,68,ดิน,414,241,5,30,26,27,16,31,ฟันใต้ดิน,-,-,"สุราห้าธัญพืช, สุราเปิดตวง",ป่าผิงหยาง1,ปิงโจว,ซังตั่ง,
17105,ปกติ,ทหารเจิ้นอู่,69,ดิน,421,249,21,20,23,28,17,34,ฟันใต้ดิน,-,-,"ยามนุษย์เหล็ก, สุรากู่เหลียง, ไม้กุ้ยชั้น1(5), ยาคืนวิญญาณ",ป่าด่านหานกู่,ซีอลิ,ลั่วหยาง,
17158,ปกติ,หนิวสวนจื่อ,69,ดิน,481,250,27,17,25,38,17,19,ฟันใต้ดิน,-,-,"มะละกอเหลือง, สุราชั้นเก่า, สุราไท่หยวน, ยาวิญญาณม่วง",ยอดเขาหวนหยวน1,ซีอลิ,ลั่วหยาง,
17565,ปกติ,ทหารพายบิน,70,ดิน,549,240,11,38,36,31,7,14,ฟันใต้ดิน,-,-,"ปลาเส้นเงิน, หอยกาบหินดำ, ดินปั้นลั่ว(6)",ค่ายไฉซาง3,เจียงตง,ไซ่วชุน,
10207,ปกติ,ทหารเขาเหลือง,70,ดิน,462,250,16,26,34,28,17,24,กับดัก,-,-,"สุราหน่อไม้, สุรากู่เหลียง, ควันผู้ป้องกัน",ค่ายภูเขาอัวหนิว1,เหยียนโจว,หยู่หนาน,
17128,ปกติ,นักพรตหัวซาน,72,ดิน,430,261,34,20,29,21,18,26,ฟันใต้ดิน,-,-,"ยาห้ากำเนิด, ชาพิรุณพรม, ธาตุรณียก, แผ่นไผ่ออกใหม่(7)",ป่าหัวซาน,กวนจง,ฉางอัน,
17581,ปกติ,ทหารป๋อสุ่ย,72,ดิน,548,251,12,44,32,29,8,16,ฟันใต้ดิน,-,-,"กุ้งทราย, ปลาซิงจี",บึงเกาเหลียง,เจียวโจว,พานหวี,
17380,ปกติ,ทหารชายแดน,73,ดิน,556,307,4,34,33,29,17,25,ฟันใต้ดิน,-,-,"ยาเม็ดสิบซ้ำ, สุราชั้นเก่า, ใบเหมยป่า(2)",ป่าหลินเฟิน,ปิงโจว,ซังตั่ง,
17605,ปกติ,ทหารง้าว,74,ดิน,490,261,12,43,35,30,9,20,ฟันใต้ดิน,-,-,"ยาทวีกำเนิด, ชารสชุ่มชื่น",ป่าจิงเจ้า2,กวนจง,ฉางอัน,
17166,ปกติ,เฒ่าเร้นกาย,75,ดิน,497,269,30,11,29,30,19,36,ฟันใต้ดิน,-,-,"ผงไหมมรกต, มะละกอเหลือง, หญ้าแมวกระทบ(2)",ป่าจืออู่,กวนจง,ฉางอัน,
17384,ปกติ,ผู้กล้าเจี๋ย,78,ดิน,595,326,6,37,39,31,18,22,ฟันใต้ดิน,-,-,"ชาละเปาหน่อไม้, น่องไก่รมควัน, ขนหนังหยาบ(7)",ป่าจิ้นหยาง2,ปิงโจว,ซังตั่ง,
17163,ปกติ,จ้าวค่ายภูเขา,78,ดิน,582,221,11,42,31,42,10,25,ฟันใต้ดิน,-,-,"หญ้าห้ามเลือด, สุราไท่หยวน",ป่าเป่ยตี้1,กวนจง,ฉางอัน,
10095,ปกติ,จอมเวทย์ปีศาจ,80,ดิน,506,291,50,21,30,21,21,27,ฟันใต้ดิน,-,-,"เนื้อห้าดอกไหม้, สุราเก่า, สุราข้าว, กระดูกมังกร(10)",ป่าเพิงไหล2,ชิงโจว,เปยไห่,
17587,ปกติ,ทหารพิธีการ,80,ดิน,623,274,12,35,52,34,9,17,ฟันใต้ดิน,-,-,"แตงเลี่ยฝอย, สุราต้าซี",ป่ากว้างซิน2,เจียวโจว,พานหวี,
17185,ปกติ,ทหารหว่านเฉิง,81,ดิน,629,294,7,47,35,34,12,24,ฟันใต้ดิน,-,-,"ซาลาเปาหน่อไม้, ชายอดใหม่, ไหดินผอหยาง(16), ม้ามีชื่อ",ป้อมหยูซวี่2ล่าง,ไหวหนาน,โซ่วชุน,
17326,ปกติ,เร้นกายไหลลอย,82,ดิน,627,350,35,25,23,33,21,25,ทรายบิน,-,-,"ยารักษาระดับสอง, ชาหอมล้ำลึก",ป่าซิ่นหยาง,จิงเปีย,เซียงหยาง,
17388,ปกติ,ทหารฉางเฉิง,84,ดิน,643,356,31,33,27,34,21,21,หินถล่ม,-,-,"ยาเหนียวรักษา, ยารักษาระดับสอง, กระดาษเขียว(8)",ป่าจิ๋วหยวน,ปิ้งโจว,ซังตั่ง,
17593,ปกติ,ทหารเสือเผ่น,84,ดิน,658,289,8,54,40,36,10,18,ฟันใต้ดิน,-,-,"น่องไก่รมควัน, สุราโสมบริสุทธิ์",ป่าฝนหลงเทียน1,เจียวโจว,เจียวจือ,
17323,ปกติ,ทหารใหม่,85,ดิน,651,352,5,35,38,34,20,34,ฟันใต้ดิน,-,-,"ชาหอมล้ำลึก, ไม้กลมเกลียวตง(9)",เนินป๋อวั่ง2บนซ้าย,จิงเปีย,เซียงหยาง,
17594,ปกติ,ทหารเสือเหิน,86,ดิน,681,281,6,44,22,38,8,52,ฟันใต้ดิน,-,-,"ซาลาเปาเนื้อ, สุราร้อนแรง, กิ่งหยางหลิว(9)",ป่าฝนหลงเทียน2,เจียวโจว,เจียวจือ,
17205,ปกติ,ทหารศึกหมีเหิน,88,ดิน,696,272,23,36,42,35,16,34,ฟันใต้ดิน,-,-,"ยาน้ำระดับสอง, ชาใบอ่อน, กระดูกพยัคฆ์(9), ม้ามีชื่อ",สุสานจิ๋นซี1,กวนจง,ฉางอัน,
17598,ปกติ,ทหารเซิงฮั่น,90,ดิน,753,314,8,51,45,46,12,16,ฟันใต้ดิน,-,-,"ยาเหนียวรักษา, สุรายอดข้าว",ค่ายหนานไห่,เจียวโจว,พานหวี,
17058,ปกติ,ทหารหมาไน,91,ดิน,700,375,5,44,35,36,21,38,หวายบิน,-,-,"ยาเหลืองใหญ่, ยานำปูไป่",เนินฉางอัน1,จิงเปีย,เซียงหยาง,
17156,ปกติ,ทหารเสือเปรียว,93,ดิน,484,318,6,46,33,37,22,39,ฟันใต้ดิน,-,-,"ซาลาเปาเนื้อ, แตงเส้นฝอย, สุราร้อนแรง",ป่าด่านส่านกวน2,กวนจง,ฉางอัน,
17212,ปกติ,ทหารเจิ้นอู่,96,ดิน,740,393,3,42,43,38,23,40,ฟันใต้ดิน,-,-,"ยาน้ำย้อนว่าง, สุรายาแดนใต้",เนินฉางปัน2ล่าง,เขตจิงเปีย,เซียงหยาง,
10139,ปกติ,ทหารเสือห้าว,97,ดิน,749,330,7,48,42,39,23,31,ยิงก้อนหิน,-,-,"ยาเหลืองใหญ่, ผักใหญ่, น่องไก่ย่าง, แผ่นไผ่งาม(11)",ป่าชินเฟิง,กวนจง,ฉางอัน,
17339,ปกติ,หญิงเหินเผ่าจง,98,ดิน,757,412,38,31,36,39,25,27,หินถล่ม,-,-,"ผักกาดขาวดอง, สุราโซซี, เสาคานพันปี(10)",ค่ายซังยง2,เขตจิงเปีย,เซียงหยาง,
27069,ปกติ,คนสุนัขป่าเน่า,100,ดิน,2683,400,22,119,105,10,11,30,ฟันใต้ดิน,กระจก,-,"ยาเหลืองใหญ่, สุราร้อนแรง, เงินเฟิ่งตู",ทุ่งวิญญาณ2ล่าง,นรก,ไป๋ตี้,
17341,ปกติ,ชายจงเปียว,102,ดิน,891,417,4,52,51,41,24,29,ฟันใต้ดิน,-,-,"ผักกาดขาวดอง, สุราโซซี, อุกกาบาต(15)",ค่ายซังยง2,จิงเปีย,เซียงหยาง,
17613,ปกติ,ทหารม่อเป่ย,102,ดิน,1007,359,15,44,45,59,15,22,ฟันใต้ดิน,-,-,"พายลูกแกะ, สุราเจียวติ, ควันผู้ป้องกัน",ทุ่งหญ้าหยุนจง,ไซเป่ย,หมู่บ้านซังเฉียง,
17335,ปกติ,ทหารสอนบู๊,103,ดิน,901,421,5,42,46,41,24,43,ยิงก้อนหิน,-,-,"ปูยามตายาว, ปลาคอท, ยาวิญญาณเขียว",ป่าเจียงหลิง,จิงเปีย,หลังเมืองเจียงหลิง,
10228,ปกติ,ทหารห้าโต่ว,105,ดิน,906,392,16,57,59,40,19,17,ฟันใต้ดิน,-,-,"ผักกาดขาวดอง, ชาก่อนวสันต์, กระดูกมังกร(10)",ช่องเขาจือกู่ล่าง,กวนจง,ฉางอัน,
17343,ปกติ,กองหน้า,106,ดิน,928,433,6,48,48,42,25,38,ฟันใต้ดิน,-,-,"ผักกาดขาวดอง, สุรายาแดนใต้, เสาคานพันปี(10)",ป่าไม่เฉิง,จิงเปีย,เจียงหลิง,
17344,ปกติ,ทหารพาย,107,ดิน,937,436,5,50,47,43,25,42,หินถล่ม,-,-,"ปลาหญ้า, ปลาหอม, ปลาธงหนังดำ, กิ่งสนฟูหวี(11)",ค่ายเจียงเซีย1,จิงเปีย,เซียงหยาง,
17615,ปกติ,กองดาบแหลม,107,ดิน,1003,383,20,49,47,53,17,28,ฟันใต้ดิน,-,-,"พายลูกแกะ, สุราเจียวติ",ช่องเขาอินก่วน,ไซเป่ย,หมู่บ้านซังเฉียง,
17031,ปกติ,ทหารกล้าหมีดำ,109,ดิน,847,368,5,67,45,44,26,25,ฟันใต้ดิน,-,-,"น่องไก่ย่าง, ปลาเหลืองทอด, ปลาหญ้า, ไม้สนอีโจว(19)",ป่าเปยหนาน2,เกาะอีโจว,หมู่บ้านข่ายตำเก่อ,
17643,ปกติ,หญิงเสือซุ่ม,112,ดิน,1030,336,17,57,40,52,8,47,ฟันใต้ดิน,-,-,ปูยามตายาว,บึงซ่าในถ้ำ1,หลิงหนาน,หลินอี้,
17356,ปกติ,ทหารสุนัขป่า,113,ดิน,993,460,5,45,50,45,27,52,ฟันใต้ดิน,-,-,"ยาเหนียวรักษา, สุรายาแดนใต้, ยาวิญญาณเขียว",ทางหัวหยง3,จิงเปีย,เจียงหลิง,
10151,ปกติ,หญิงหมานอู่,115,ดิน,1031,388,62,22,47,49,15,33,หินถล่ม,-,-,"น้ำสมุนไพรลับ, สุรายาแดนใต้",เขาจิเจินเหิน,จิงหนัน,หลิงหลิง,
17617,ปกติ,ยอดขุนศึก,116,ดิน,1030,423,19,57,58,48,20,28,ฟันใต้ดิน,-,-,"ยาน้ำระงับว่าง, สุราหยาบ, ม้ามีชื่อ",ทุ่งหญ้าหมาอี้1,ไซเป่ย,หมู่บ้านซิงเฉียง,
17347,ปกติ,มือขึ้นใบ,118,ดิน,1039,494,42,45,46,47,30,23,หินถล่ม,-,-,"ปลาเสือ, ปูยามตายาว, ลิ้นไช่ซี, น้ำค้างเหมันต์(11)",ค่ายเจียงเซีย2บน,จิงเปีย,เซียงหยาง,
17315,ปกติ,หัวหน้าหม่าหาน,120,ดิน,938,403,5,66,51,48,28,38,ทรายบิน,-,-,"สุรายอดข้าว, สุราเจียวติ",ป่าหม่าหาน2,เกาะวีลี่,เผ่าคุ้ยโหลว,
10230,ปกติ,จงจี้จิ่ว,120,ดิน,1031,393,52,67,45,44,14,16,หินถล่ม,-,-,"น้ำสมุนไพรลับ, สุราเลี้ยงชื่อ",ช่องเขาจืออู่ล่าง,กวนจง,ฉางอัน,
17493,ปกติ,ทหารซานเสีย,120,ดิน,1091,459,21,50,65,53,24,24,ฟันใต้ดิน,-,-,"ส้มแม่น้ำหมิน, ชาก่อนวสันต์, หนังปลายักษ์(14)",ช่องเขาฉวิจาง,อี้โจว,ไป๋ตี้,
17359,ปกติ,ทหารเล็บร้าย,121,ดิน,1067,493,12,51,46,48,29,51,ฟันใต้ดิน,-,-,"ยาน้ำระงับว่าง, ผงโสมคนตงอี้, ไม้กุ้ยเขาลึก(12)",ทางหัวหยง2บน,จิงเปีย,เจียงหลิง,
17460,ปกติ,มือดาบห่วง,124,ดิน,1078,448,43,52,59,47,21,23,หินถล่ม,-,-,"กะหล่ำปลี, สุราเจียวติ",ค่ายหนานอัน,เหลียงโจว,เทียนสุ่ย,
17498,ปกติ,ขุนเชียงดุ,126,ดิน,1131,439,27,74,49,53,19,28,ฟันใต้ดิน,-,-,"เนื้อแผ่น, สุราหยาบ, ม้ามีชื่อ",ป่าเจียเหมิง1,อี้โจว,หนานเจิ้ง,
17396,ปกติ,ทหารเรือจิงฉู่,126,ดิน,1145,500,32,61,53,55,28,20,ฟันใต้ดิน,-,-,"ปลารงหนังดำ, ปูยามตายาว, ยาคืนวิญญาณ",ค่ายกงอัน,จิงหนัน,หลิงหลิง,
17620,ปกติ,ทหารสัตว์เล่ห์,126,ดิน,1178,493,28,57,50,60,27,25,ฟันใต้ดิน,-,-,"เนื้อแผ่น, ชานมร้อน, ม้ามีชื่อ",ทุ่งหญ้ากู้ฝัง1,ไซเป่ย,เผ่าซงหนูตะวันออก,
17458,ปกติ,ทหารค้อนหลอม,128,ดิน,1118,457,53,64,46,49,21,23,หินถล่ม,-,-,"ยาน้ำย้อนว่าง, ชานมร้อน, ผ้าลินค้า(15)",ค่ายอันตี้ผ่านถ้ำ,เหลียงโจว,หนานเจิ้ง,
17502,ปกติ,ทหารหยวนเจิ้น,128,ดิน,1132,477,22,60,75,51,24,23,ฟันใต้ดิน,-,-,"น่องไก่ย่าง, สุราเจียวติ, ควันผู้ป้องกัน",ป่าหวาโข่ว,อี้โจว,หนานเจิ้ง,
17500,ปกติ,พันเจิงจวิน,130,ดิน,1171,442,23,77,61,55,18,23,ฟันใต้ดิน,-,-,"ผักขาวนุ่ม, ชาเย็นใจ, กระดาษไผ่เกา(14)",ป่าเจียเหมิง2,อี้โจว,หนานเจิ้ง,
22038,ปกติ,โสมไก้หม่าใหญ่,130,ดิน,1021,435,3,41,86,52,30,42,หินถล่ม,-,-,"โสมชั้นเยี่ยม, ผงโสมคนตงอี้",ป่าไต้ฟาง2,เกาะวีลี่,เผ่าคุ้ยโหลว,
17463,ปกติ,หน่วยมังกรดำ,130,ดิน,1198,482,19,73,64,59,24,26,ฟันใต้ดิน,-,-,"ยาเม็ดช่วยโลก, สุรายงโจว, ดินปั้นถวาย(15)",ค่ายเขาฉีซาน2,เหลียงโจว,เทียนสุ่ย,
27070,ปกติ,นางมารกระดูก,131,ดิน,2328,497,24,146,137,12,11,33,ปิศาจต้นไม้,ฟันใต้ดิน,-,"สาลี่น้ำใหญ่, สุรายอดข้าว, เงินเฟิ่งตู",ทุ่งวิญญาณ2บน,นรก,ไป๋ตี้,
17507,ปกติ,ทหารเฝ้าด่าน,133,ดิน,1192,503,20,76,62,55,26,23,ฟันใต้ดิน,-,-,"สาลี่น้ำใหญ่, ชาเย็นใจ",ป่าไปสู่ย,อี้โจว,ลั่วเฉิง,
17406,ปกติ,ทหารเจิ้นหนัน,134,ดิน,1212,512,8,60,78,57,27,36,ฟันใต้ดิน,-,-,"เนื้อหมูดำ, สุราเจียงหนาน, ควันผู้ป้องกัน",ป่าไหลหยาง1,จิงหนัน,หมู่บ้านกุ้ยหยาง,
17466,ปกติ,ทหารยงเหลียง,135,ดิน,1198,460,46,63,62,54,19,24,หินถล่ม,-,-,"เนื้อวัวแห้ง, สุรายงโจว, ม้ามีชื่อ",เชิงเขาเลียหลง,เหลียงโจว,เทียนสุ่ย,
17649,ปกติ,ทหารกล้าเยี่ย,135,ดิน,1266,419,22,81,70,64,13,17,ฟันใต้ดิน,-,-,"ลิ้นจี่, ชาเย็นใจ, ไม้ลายกลม(17)",ป่าฝนเยี่ยฉาง2,หลิงหนาน,หลินอี้,
17039,ปกติ,กองนางแอ่นเหิน,137,ดิน,1217,558,15,76,45,55,33,48,ฟันใต้ดิน,-,-,"เนื้อหมูดำ, เนื้อคะนึง, ผลึกสัตว์มงคล(9)",ผ่านเฉิง2,จิงเปีย,เซียงหยาง,
28052,ปกติ,เสือเล็บยาว,139,ดิน,1376,370,6,86,46,76,9,50,ฟันใต้ดิน,-,-,"ซี่โครงป่า, กระดูกขาเสือ(18)",ป่าฝนเยี่ยฉาง1,หลิงหนาน,หลินอี้,
17418,ปกติ,ทหารพลิกลำน้ำ,140,ดิน,1420,400,44,65,74,64,23,12,ปิศาจต้นไม้,-,-,"ปลาหญ้าทะเล, ปลาเดียวตาโต, แผ่นไม้หยวน(18)",ป่าหยวนหลิง2,จิงหนัน,หลิงหลิง,
17470,ปกติ,นายกองยอดทหาร,140,ดิน,1420,484,25,78,69,61,21,25,ฟันใต้ดิน,-,-,"เนื้อแพะนุ่ม, สุรารารไล, ยาวิญญาณแดง",ภูเขาดินเจียถิงซ้าย,เหลียงโจว,เทียนสุ่ย,
17405,ปกติ,กองจู่โจม,141,ดิน,1421,542,9,60,84,60,29,36,ฟันใต้ดิน,-,-,"พายเนื้อทอด, สุราหยกไข่มุก",ช่องเขาหลีหลิง2,จิงหนัน,ฉางซา,
17016,ปกติ,ทหารเสือพ่น,142,ดิน,1406,576,9,85,52,57,34,42,ฟันใต้ดิน,-,-,"ยาเม็ดแก้ปวด, ยาปลอดโปร่ง, ใบสวีเข้ม(12)",ค่ายอี้หลิง2,จิงเปีย,เจียงหลิง,
17472,ปกติ,ทหารตะลุย,143,ดิน,1443,540,30,78,64,61,28,24,ฟันใต้ดิน,-,-,"ยาน้ำรักษาระดับ, สุรายาลับสน",ภูเขาดินเจียถิงขวา,เหลียงโจว,เทียนสุ่ย,
17477,ปกติ,ทหารหอกเชียง,146,ดิน,1466,568,25,83,69,61,31,22,ฟันใต้ดิน,-,-,"พายซี่โครงวัว, ชาเผ่าเซียง, หินไฟหัวใจธรณี(13)",ช่องเขาหวงจง2,เหลียงโจว,เผ่าเซียง,
17415,ปกติ,องครักษ์เซียง,146,ดิน,1487,547,10,68,87,64,28,32,ฟันใต้ดิน,-,-,"เห็ดเป่าฮื้อ, ชาดีเจียงหนาน, ไม้ลายกลม(17)",ป่าเซียงหนาน,จิงหนัน,หลิงหลิง,
17626,ปกติ,กองตระเวนเขา,146,ดิน,1584,526,22,67,68,78,25,30,ฟันใต้ดิน,-,-,"เนื้อคะนึง, สุราธารใส, หนังกระเรียน(17)",แดนหิมะซั่งกู่1,ไซเป่ย,เผ่าซงหนูตะวันออก,
27090,ปกติ,ศพแห้ง,146,ดิน,3211,586,34,151,135,18,17,36,เปิดตาลต้นไม้,ฟันใต้ดิน,-,สุรายาสิบสม,เขาดาบซากกระบี่1,นรก,ไป๋ตี้,
17045,ปกติ,ขุนพลเป่ยจวิน,148,ดิน,1469,601,11,87,53,59,35,45,ฟันใต้ดิน,-,-,"ปลาหลูปากแหลม, ปลาหอม, เกล็ดงูเหลือม(13)",บึงเจิงโข่ว2,จิงเปีย,เซียงหยาง,
17355,ปกติ,ทหารเฝ้าค่าย,150,ดิน,1490,608,9,91,58,60,35,42,ฟันใต้ดิน,-,-,"สุราราชสำนัก, สุราบ๊วยดอง, กระดาษซินซิง(18)",ค่ายอี้หลิง3,จิงเปีย,เจียงหลิง,
17520,ปกติ,หน่วยรักษาวัง,150,ดิน,1490,507,25,84,84,60,21,24,ฟันใต้ดิน,-,-,"เนื้อคะนึง, สุราราชสำนัก, ไหดินเผาจือจง(24)",ป่าจือจง,อี้โจว,เฉิงตู,
17521,ปกติ,ทหารเฉียงโซว,151,ดิน,1491,523,22,79,89,59,23,24,ฟันใต้ดิน,-,-,"ไม้ผลป่าสุก, ยาน้ำสน, ไม้ไผ่เจียงหยาง(15)",ป่าเจียงหยาง,อี้โจว,เฉิงตู,
17420,ปกติ,ทหารอู่หลิง,153,ดิน,1562,570,11,72,94,67,29,28,ฟันใต้ดิน,-,-,"เห็ดเป่าฮื้อ, ชาหอมหยุ่นม่ง, สาลี่พลังปราณ, ม้ามีชื่อ",ค่ายอู่หลิง1,จิงหนัน,หลิงหลิง,
17219,ปกติ,รองขุนพล,154,ดิน,1556,530,27,92,71,65,23,27,ฟันใต้ดิน,-,-,"ไม้ผลป่าสุก, ชาฝนใส, ยาคืนวิญญาณทอง",ป่าปาจวิ้น2,อี้โจว,ปาจวิ้น,
17527,ปกติ,ค่ายทวนขวาง,154,ดิน,1612,488,61,85,48,73,17,21,หินถล่ม,-,-,"เห็ดเป่าฮื้อ, สุราธารใส",ค่ายเหียนฉวี่1,อี้โจว,ไป๋ตี้,
17525,ปกติ,ทหารฮู่กั๋ว,157,ดิน,1586,551,22,88,84,66,25,25,ฟันใต้ดิน,-,-,"พายเนื้อทอด, สุราหยกไข่มุก, พรตรู้แจ้ง(19)",ป่าเจี้ยนเก๋อ2,อี้โจว,ลั่วเฉิง,
17422,ปกติ,ทหารกู้ฮั่น,157,ดิน,1607,593,12,74,95,69,31,27,ฟันใต้ดิน,-,-,"พายซี่โครงวัว, ยาน้ำสน, สาวฝ้ายปักทอ(18)",ค่ายอู่หลิง2,จิงหนัน,หลิงหลิง,
27097,ปกติ,ปิศาจแตง,162,ดิน,4198,637,34,164,148,18,17,40,ฟันใต้ดิน,กระจก,-,น้ำผึ้งราชินี,ป่ามัจจุราช,นรก,ไป๋ตี้,
17401,ปกติ,องครักษ์เสือดำ,163,ดิน,1839,615,15,75,93,72,32,33,ฟันใต้ดิน,-,-,"หมูปิ้งทั้งตัว, สุราบ๊วยดอง, หนังเสือดาว(18)",ค่ายปาชิว2,จิงหนัน,ฉางซา,
17544,ปกติ,นักรบขุน,165,ดิน,1806,598,30,87,87,65,29,29,ฟันใต้ดิน,-,-,"มันจ้วงหยวน, ยาต่อวิญญาณ, แผ่นไผ่ฟูอี้(20)",ช่องเขาอินผิง,อี้โจว,ลั่วเฉิง,
17632,ปกติ,ทหารกระบอง,167,ดิน,1953,552,31,81,88,83,22,28,ฟันใต้ดิน,-,-,"เปี๊ยะเนื้อวัว, สุรานมแกะ, ม้าพันธุ์ดี",ช่องเขาไปเต็ง2,ไซเป่ย,หมู่บ้านซิงเฉียน,
17435,ปกติ,ทหารเหลียงโจว,168,ดิน,1839,590,27,90,92,66,27,31,ฟันใต้ดิน,-,-,"ยาน้ำพลังปราณ, ยาต่อวิญญาณ, กระดูกสุนัขฟ้า(21)",ทะเลทรายอวี่เหมิน,เหลียงโจว,ตุนหวง,
17546,ปกติ,นักรบหมู่บ้าน,170,ดิน,1864,631,30,89,90,67,32,31,ฟันใต้ดิน,-,-,"ยาน้ำพลังปราณ, ยาต่อวิญญาณ, หนังเสือดาว(18)",ช่องเขาอินผิง2,อี้โจว,ลั่วเฉิง,
17434,ปกติ,มือดาบสะบั้น,170,ดิน,1958,617,16,98,81,80,30,32,ฟันใต้ดิน,-,-,"มันจ้วงหยวน, สุราชวีหยวน, กระดูกปลาวาฬ(20), ม้าพันธุ์ดี",ค่ายหยุนม่ง2,จิงหนัน,ฉางซา,
17548,ปกติ,ทหารเมืองเล็ก,172,ดิน,1903,621,32,89,86,70,30,33,ฟันใต้ดิน,-,-,"เห็ดหอมป่า, ชาเย็นเขาสู่, กระดาษหลวง(21)",ป่าท่าจง,อี้โจว,เฉิงตู,
17485,ปกติ,ทหารเจี่ยวโต้ว,173,ดิน,1904,638,30,91,92,69,32,30,ฟันใต้ดิน,-,-,"เปี๊ยะใหญ่แข็ง, สุราสวรรค์, ไหดินเผานี่หลู่(23)",ทางเดินเจาอู่,เหลียงโจว,ตุนหวง,
17634,ปกติ,ทหารประจัญบาน,173,ดิน,2042,566,32,85,82,88,22,34,ฟันใต้ดิน,-,-,"น้ำผึ้งราชินี, กระดูกหัวสิงโต(25)",ทุ่งหญ้าโหลวฝาน1,ไซเป่ย,เผ่าซงหนูตะวันตก,
27101,ปกติ,งูพ่นพิษ,173,ดิน,4822,672,182,28,158,18,17,45,ปิศาจต้นไม้,โซ่ซานกอดรัด,-,"อุ้งตีนหมีป่า, สุราสวรรค์, เกล็ดมังกรฟ้า(25)",ป่าสืออิน,นรก,ไป๋ตี้,
17553,ปกติ,ทหารแมทริกซ์,175,ดิน,1929,657,33,86,88,70,34,35,ฟันใต้ดิน,-,-,"ยาเม็ดกุญแจหยก, ยาหมื่นมังกร, ไม้เทพป่า(20)",ไหล่เขาติ้งจวิน,อี้โจว,หนานเจิ้ง,
17555,ปกติ,ทหารจรยุทธ,177,ดิน,1961,662,32,90,88,72,34,34,ฟันใต้ดิน,-,-,"เห็ดหอมป่า, สุราบรรณาการ, ผ้ามังกร5เล็บ(20)",เชิงเขาเปยซาน,อี้โจว,หนานเจิ้ง,
17030,ปกติ,ทหารกล้าตาย,180,ดิน,1965,691,36,93,95,69,37,27,ฟันใต้ดิน,-,-,"เปี๊ยะใหญ่แข็ง, ผงเขากวาง, กระดาษฝูสุ่ย(23)",ยอดเขาติ้งจวิน,อี้โจว,หนานเจิ้ง,
17005,ปกติ,องครักษ์ศึก,2,น้ำ,27,64,1,1,1,1,0,1,วิชาน้ำโถมท่วม,-,-,"แอปเปิ้ลน้อย, ราสเบอร์รี่",ป่าอำเภออี้เชียน,อิวโจว,จัวจวิ้น,
17004,ปกติ,ทหารองครักษ์,3,น้ำ,33,66,1,1,1,2,1,1,วิชาน้ำโถมท่วม,-,-,"หมั่นโถวขาว, ราสเบอร์รี่","ป่าโหลวซาง1, ป่าโหลวซาง5",อิวโจว,จัวจวิ้น,
10036,ปกติ,ชาวผ้าเหลือง,3,น้ำ,31,66,1,1,1,1,1,1,วิชาน้ำโถมท่วม,-,-,"ยากำหนดปราณ, ขนมรังนก, คุกกี้เนย",ป่าโหลวซาง2,อิวโจว,จัวจวิ้น,
17008,ปกติ,ทหารเลว,7,น้ำ,47,72,1,5,2,3,1,2,วิชาน้ำโถมท่วม,-,-,"หมั่นโถวขาว, ขนมน้ำชา",ป่าจงซาน1,อิวโจว,จัวจวิ้น,
10082,ปกติ,ทหารมารห้าว,8,น้ำ,51,77,3,4,1,3,2,3,วิชาน้ำโถมท่วม,-,-,"ผักกาดขาวเค็ม, สุราต้าอู่",ป่าจงซาน2,อิวโจว,จัวจวิ้น,
10196,ปกติ,ทหารดาบเหลือง,12,น้ำ,61,123,2,10,3,3,2,6,วิชาน้ำโถมท่วม,-,-,"น้ำเพิ่งขึ้น, สาลี่น้ำเล็ก, กาน้ำชาดิน(1)",ป่าแห่งศิลา,อิวโจว,จัวจวิ้น,12801
17052,ปกติ,ทหารศึกห้าว,14,น้ำ,82,86,2,8,5,7,2,5,วิชาน้ำโถมท่วม,-,-,"ยาน้ำรักษาแผล, แผ่นไม้ไม่ขาด(1)",ป่าฉางซาน,จี้โจว,เยี่ยเฉิง,
10150,ปกติ,ทหารกล้าบู๊,21,น้ำ,124,109,4,8,6,12,5,7,วิชาน้ำโถมท่วม,-,-,"เนื้อสันหมู, ลำไย, หญ้าซือ(3)",ป่ามู่เหยีย,จี้โจว,เยี่ยเฉิง,
10038,ปกติ,ทหารศึกเหลือง,21,น้ำ,124,92,2,12,8,12,1,7,กระบี่น้ำแข็ง,-,-,"ยาเม็ดเกรงลม, ยาน้ำพุทิพย์, ดินปั้นดำ(3)",ป่าหลีหยาง,จี้โจว,เยี่ยเฉิง,
17015,ปกติ,ทหารเสื้อเหล็ก,22,น้ำ,123,111,2,9,9,11,5,7,กระบี่น้ำแข็ง,-,-,"เนื้อขี้เมา, ไยไผ่เขียว, ควันผู้ป้องกัน",ป่ามู่เหยีย,จี้โจว,เยี่ยเฉิง,
17034,ปกติ,ขุนทหารเสือดาว,23,น้ำ,118,112,3,11,7,9,5,11,วิชาน้ำโถมท่วม,-,-,"เอ้อกัวโถว, ผ้าแม่สี(1)",ป่าเหอเน่ย,จี้โจว,เยี่ยเฉิง,
10205,ปกติ,ขุนศึกธงเหลือง,27,น้ำ,177,127,2,12,11,13,7,9,วิชาน้ำโถมท่วม,-,-,"ยาเม็ดรักษาอาการ, ยาดอกไม้แดง, ควันผู้ปกป้อง",ป่าเวยซาน,เขตซิงโจว,ตงจวิ้น,
15154,ปกติ,หลางโถวตี้,27,น้ำ,124,118,5,15,10,8,5,11,วิชาน้ำโถมท่วม,-,-,"เนื้อสันหมู, เนื้อไก่",ป่าศิลาหยางหยา,เขตซิงโจว,เปยไห่,
10046,ปกติ,ทหารศึกดาบแยก,27,น้ำ,147,127,2,12,11,13,7,9,วารีคืนพลัง,-,-,"น้ำเพิงซิน, กระปุกยาธรรมดา, ยาคืนวิญญาณ",ป่าอู๋จง,อิวโจว,จัวจวิ้น,
17152,ปกติ,ทหารกระบี่ขวาง,29,น้ำ,175,130,5,10,11,12,7,14,กระบี่น้ำแข็ง,-,-,"โสมคนแก่, สุราเก่า, สุราห้ากระตอง",ดินแดนหิมะซางหลี,แดนหิมะ,เซียงผิง,
10201,ปกติ,นักรบเฮยซาน,30,น้ำ,181,134,9,12,11,12,7,9,กระบี่น้ำแข็ง,-,-,"ยารักษาบาดเจ็บ, ยาดอกไม้แดง, ยาคืนวิญญาณ",ป่าเน่ยหวง,จี้โจว,เยี่ยเฉิง,
15152,ปกติ,ทหารเผิงเผิง,32,น้ำ,148,125,6,17,15,10,5,11,น้ำพุทะลวง,-,-,"ไม้ลอยน้ำ(1), เปลือกหอยแครง(1), หนังปลาหญ้า(4)",ป่าเผิงไหล,เขตชิงโจว,เปยไห่,
17301,ปกติ,เป้าจี,34,น้ำ,187,128,4,11,13,7,5,16,กระบี่น้ำแข็ง,-,-,"นารีแดง, เอ้อกัวโถว, สุราหงโซ่ว",เขาไป้หลาง,แดนหิมะ,เซียงผิง,
17108,ปกติ,ทหารสงอู่,34,น้ำ,226,143,2,16,11,18,8,11,กระบี่น้ำแข็ง,-,-,"ปลาซิวเตา, ชาเขียวอ่อน, ไหถวนผัดสุรา, ยันต์น้ำท่วม",ป่าหนิวจู่,เขตเจียงตง,เจี้ยนเยี่ย,
15139,ปกติ,จื่อเสี่ยวปิง,36,น้ำ,183,146,6,16,11,15,8,16,น้ำพุทะลวง,-,-,"ยาเม็ดรักษาอาการ, ยาน้ำพุเซียน, ใบต้นโอ๊ค(6)",ป่าเซียงเชี่ยน,สวีโจว,สวีโจว,
17159,ปกติ,เว่ยจวินเซี่ยว,36,น้ำ,205,131,4,21,17,12,5,12,วิชาน้ำโถมท่วม,-,-,"น้ำค้างเขียว, น้ำใบบัว, ปลาหางเสือ, ผ้ากอฝ้าย(5)",ป่าตานหยาง,เจียงตง,เจี้ยนเยี่ย,
13041,ปกติ,ทหารพาย,37,น้ำ,196,148,8,17,12,17,8,12,น้ำพุทะลวง,-,-,"ปลาหางเสือ, ไหถวนผัดสุรา, ปลาเค็มเล็ก, ควันผู้ป้องกัน","ป่าลูเจียง1, ป่าลูเจียง2บน",ไหวหนาน,โซ่วชุน,
17114,ปกติ,ทหารติ้งหย่วน,37,น้ำ,228,152,7,15,15,16,9,11,กระบี่น้ำแข็ง,-,-,"สุราเหวินจวิน, สุราหงลู่, กระเรียนขาว",ป่าหย่งคัง,เจียงตง,อุยจี,
17213,ปกติ,ช่างเทคนิค,38,น้ำ,190,159,22,3,12,15,10,14,กระบี่น้ำแข็ง,-,-,"ขนมอบต้นหอม, เอ้อกัวโถว, สุราข้าวเดือย",ป่าไหวอิน,สวีโจว,เซี่ยพี,
10092,ปกติ,ทหารอาคม,38,น้ำ,165,189,23,3,10,10,16,14,กระบี่น้ำแข็ง,-,-,"ยาดอกไม้แดง, เอ้อกัวโถว",บ้านน้อยลงให่,สวีโจว,เซี่ยพี,
14244,ปกติ,ตูเว่ยจวิ้น,39,น้ำ,187,146,9,20,7,14,7,21,กระบี่น้ำแข็ง,-,-,"ยากำหนดปราณ, ลูกเจ้าแดง, สุราต้าอู่",บ้านน้อยลงให่,สวีโจว,เซี่ยพี,
13043,ปกติ,ทหารคุมใบเรือ,39,น้ำ,212,156,8,16,13,19,9,13,น้ำพุทะลวง,-,-,"ปลาหางเสือ, ปลาเค็มเล็ก, ไหถวนผัดสุรา","ค่ายน้ำลูเจียง, ป่าหลูเจียง1",ไหวหนาน,โซ่วชุน,
17241,ปกติ,ปีศาจคลานบึง,40,น้ำ,211,152,5,14,15,18,8,18,น้ำพุทะลวง,-,-,"ปลาซิวเตา, ปลาหางเสือ, ปลาครีบดำตาขาว",บึงอูเฉิง1,เขตเจียงตง,อู๋จวิ้น,
17282,ปกติ,ทหารทวนเหนือ,41,น้ำ,219,149,6,20,15,19,7,15,น้ำพุทะลวง,-,-,"สุราข้าว, กระเรียนขาว, สุราเก่า",แดนหิมะเหลียวซุ่ย,แดนหิมะ,เซียงผิง,
17018,ปกติ,ทหารอวี้หลิน,42,น้ำ,211,169,17,14,11,17,11,15,กระบี่น้ำแข็ง,-,-,"ซาละเปาผัก, ยาน้ำพุโบราณ, ส้มน้อย",ท่าข้ามหว่านโข่ว,เขตไหวหนาน,โซ่วชุน,
17290,ปกติ,ทหารเจี๋ยหนู,42,น้ำ,237,140,6,15,16,22,5,19,น้ำพุทะลวง,-,-,"ผงหยุดตระหนก, น้ำค้างเขียว, ผงเดินพลัง, น้ำแข็งปิดขวาง",ดินแดนหิมะฉางไป้,แดนหิมะ,เซียงผิง,
17249,ปกติ,ทหารศึกฮุ่ยจี,43,น้ำ,209,170,9,15,15,16,10,18,น้ำพุทะลวง,-,-,"น้ำส้มแม่น้ำ, ปลาซิวเตา, ปลาครีบดำตาขาว",ป่าอุยจี1,เขตเจียงตง,อุยจี,
17294,ปกติ,หญิงเผ่าเสี่ย,43,น้ำ,240,147,5,14,20,22,6,17,น้ำพุทะลวง,-,-,"ยารักษาบาดเจ็บ, ซาละเปาผัก, นมแพะ",ดินแดนหิมะเปยเฟิง,แดนหิมะ,เซียงผิง,
17270,ปกติ,เยี่ยซานหลัน,45,น้ำ,236,165,5,18,15,20,9,22,น้ำพุทะลวง,-,-,"ชาย้อนชุม, ชาเขียวอ่อน, ชาหญ้าขจี, สาวเยียทอแพร(14)",ยอดเขาซังเหยา,เขตเจียงตง,อุยจี,
17082,ปกติ,ทหารหาญน้ำเงิน,47,น้ำ,247,168,7,21,19,21,9,17,น้ำพุทะลวง,-,-,"ปลาหางเสือ, เห็ดฟาง, หอยแครง, กระดาษหนังวัว(6)",บึงหวีหยาง3,เขตเจียงตง,อุยจี,
10087,ปกติ,จี้จิ่วโหว,49,น้ำ,174,182,32,10,20,6,11,19,กระบี่น้ำแข็ง,-,-,"ยาน้ำพุโบราณ, ยาน้ำจงหยวน, ยามนุษย์เหล็ก, ยาคืนวิญญาณ",ป่าโซ่วชุน,เขตไหวหนาน,โซ่วชุน,
10178,ปกติ,ทหารปีศาจทวน,49,น้ำ,246,189,18,18,15,20,12,15,วิชาน้ำโถมท่วม,-,-,"ขนมรังนก, ผงชะระชีพ",ป่าเซี่ยไซ่,เขตสวีโจว,สวีโจว,
17246,ปกติ,ทหารโจรเหล็ก,49,น้ำ,254,186,7,19,18,21,12,19,น้ำพุทะลวง,-,-,"ยาปลอดโปร่ง, ยาน้ำบำรุงกาย, ยาน้ำพุโบราณ, ใยผักฝอ(5)",บึงอูเฉิง4,เขตเจียงตง,อู๋จวิ้น,
17135,ปกติ,ทหารดาบสะบั้น,51,น้ำ,359,137,5,27,26,20,2,20,น้ำพุทะลวง,-,-,"ปลาเกล็ดเงิน, ปลาบิน, ใบไผ่เขียว, ยันต์กระบี่แข็ง",บึงเพิงเจ๋อ,เขตเจียงตง,เจี้ยนเยี่ย,
17059,ปกติ,ทหารศึกเหล็ก,52,น้ำ,321,187,14,17,33,27,11,8,น้ำพุทะลวง,-,-,"ยาเม็ดรักษาอาการ, น้ำเพิงซิน, ผ้ากอฝ้าย(5)",ป่าสือถิง,เขตไหวหนาน,โซ่วชุน,
14357,ปกติ,ว่านเหยี่ยน,53,น้ำ,361,215,11,30,21,19,9,21,วิชาน้ำโถมท่วม,กระบี่น้ำแข็ง,น้ำพุทะลวง,-,ถ้ำอันเล่อ,เขตเจียงตง,อุยจี,
17091,ปกติ,นักรบสงอู่,53,น้ำ,267,210,24,16,15,21,15,15,น้ำพุทะลวง,-,-,"เนื้อสันหมู, น้ำส้มแม่น้ำ, สุราเกาเหลียง, ยาคืนวิญญาณ",ชานเมืองเฉินหลิว,เขตเหยียนโจว,เฉินหลิว,
10052,ปกติ,ทหารศึกดาบใหญ่,54,น้ำ,334,174,6,34,16,28,8,16,น้ำพุทะลวง,-,-,"เนื้อสันหมู, เนื้อแพะแห้ง, กระเรียนขาว, เกล็ดมังกรฟ้า",ป่าจวี่ลู่,จี้โจว,จวี่ลู่,
17095,ปกติ,นักรบเจิ้นหยวน,55,น้ำ,277,204,11,16,32,22,13,15,กระบี่น้ำแข็ง,-,-,"แอปเปิ้ลเขียว, ยาน้ำเข้มหยก, ยาน้ำพุเซียน, ควันผู้ป้องกัน, ไม้สักเสฉวน(7)","ป่าไผ่อิงขวน1, ป่าไผ่อิงขวน3",เขตเหยียนโจว,หว่านเฉิง,
17099,ปกติ,นักรบจิ้งอู่,57,น้ำ,288,200,7,24,26,23,12,22,น้ำพุทะลวง,-,-,"น้ำมะเขือแดง, สุราต้าซี, นารีแดง",ป่าอู่อิน,เขตเหยียนโจว,หว่านเฉิง,
17373,ปกติ,ทหารเกราะ,58,น้ำ,293,215,19,24,23,23,14,10,กระบี่น้ำแข็ง,-,-,"ผักดองเค็ม, ผักบุ้ง, หนังกวางป่า(5)",ป่ากุนหลิว1,เขตปิงโจว,ซังตั่ง,
10129,ปกติ,เขี้ยวหมาป่า,60,น้ำ,364,218,9,27,22,24,14,29,น้ำพุทะลวง,-,-,"ยาเม็ดปอดผ่าน, ผลไม้ป่า",ยอดเขาเทียนจู้2,เขตไหวหนาน,โซ่วชุน,
10246,ปกติ,ทหารใหญ่,60,น้ำ,364,208,9,35,31,24,5,15,น้ำพุทะลวง,-,-,"เห็ดหอมใหญ่, สุราห้าธัญพืช",ป่าฝนเขาอูจซาน,เจียวโจวเกาะ,พานหวี,
17136,ปกติ,ทหารศึกบู๊,61,น้ำ,370,222,10,33,24,24,15,21,วิชาน้ำโถมท่วม,-,-,"ยาเม็ดสิบซ้ำ, ยาเม็ดคุ้มสมาน, หนังหนาใหญ่(6)",ป่าหร่างซาน,เขตเหยียนโจว,หว่านเฉิง,
17112,ปกติ,ทหารศึกเรือรบ,61,น้ำ,390,190,8,20,26,28,9,24,น้ำพุทะลวง,-,-,"ชาพิรุณพรม, หอยหงษ์แดง, ยาน้ำพุเซียน, กระดาษเจียงตง(13)",ค่ายผอหยาง,เขตเจียงตง,ไซ่วชุน,
17076,ปกติ,ทหารทะลวง,62,น้ำ,386,224,8,30,21,25,15,24,น้ำพุทะลวง,-,-,"ปลาบิน, ผักบุ้ง, ชาสมดุลรส, ไม้สนชั้นสูง(62)",ค่ายไฉซาง,เขตเจียงตง,ไซ่วชุน,
17374,ปกติ,ทหารหมู่บ้านนา,62,น้ำ,376,223,5,26,28,25,15,25,น้ำพุทะลวง,-,-,"เห็ดฟางป่า, สุราโจ๊ก, สุราเปิดตวง",ป่าเกาตู1,ปิ้งโจว,ซังตั่ง,
17137,ปกติ,หนูตี้,62,น้ำ,376,225,12,30,24,25,15,23,น้ำพุทะลวง,-,-,"เนื้อขุ่ย, สุราต้าซี, ลูกพลับแดง, ไม้สนชั้นสูง(6)",ป่าอี้หยาง,เหยียนโจว,หว่านเฉิง,
17131,ปกติ,ทหารหอกแกร่ง,63,น้ำ,376,233,28,14,27,24,16,22,กระบี่น้ำแข็ง,-,-,"เนื้อยุ่ย, สุราต้าซี, ลูกพลับแดง, ควันผู้ป้องกัน",ป่าอี้หยาง,เหยียนโจว,หว่านเฉิง,
17576,ปกติ,ค่ายจงซู่,64,น้ำ,448,216,7,35,16,36,5,26,กระบี่น้ำแข็ง,-,-,"ผงไหมมรกต, ชารสชุ่มชื้น, ควันผู้ป้องกัน",ป่าฝนจงซู่1,เจียวโจว,พานหวี,
17087,ปกติ,นักรบเจี้ยนอู่,65,น้ำ,395,218,10,24,32,26,13,30,กระบี่น้ำแข็ง,-,-,"น้ำเต้าหู้, สุราเหลือง, น้ำมะเขือแดง, กระดาษหนังวัว(6)",ป่าหยางหยาง,เหยียนโจว,เฉินหลิว,
17144,ปกติ,ทหารศึกง้าวมือ,68,น้ำ,414,242,7,25,28,27,16,32,น้ำพุทะลวง,-,-,"นมแพะ, ชารสชุ่มชื้น, หอยเหล็กหมาด, ใบต้นโอ๊ค(6)",ยอดเขาชีโข,ไหวหนาน,โซ่วชุน,
17379,ปกติ,คนเถื่อนไท่สิง,68,น้ำ,414,241,6,32,30,27,16,24,กระบี่น้ำแข็ง,-,-,"เนื้อยุ่ย, ปอเปี๊ยะทอด, ไม้กุ้ยชั้น1(5)",ป่าเกาตู2,ปิงโจว,ซังตั่ง,
17104,ปกติ,ทหารเย่าอู่,68,น้ำ,414,248,31,18,23,27,17,25,น้ำพุทะลวง,-,-,"ยามนุษย์เหล็ก, สุรากู่เหลียง, ซาละเปาเนื้อ, ยาคืนวิญญาณ",ป่าด่านหานกู่,ซีอลิ,ลั่วหยาง,
10208,ปกติ,ทหารกล้าเหลือง,70,น้ำ,462,244,18,32,26,28,16,25,น้ำพุทะลวง,-,-,"ยาปราณดำเนิน, สุรากู่เหลียง",ค่ายภูเขาอัวหนิว2,เหยียนโจว,หยู่หนาน,
17160,ปกติ,หยวนซานจื่อ,70,น้ำ,514,251,18,18,25,37,17,30,กระบี่น้ำแข็ง,-,-,"มะละกอหวาน, ชาซินเฟย, สุราชั้นเก่า, ไม้สักเสฉวน(7)",ยอดเขาหวนหยวน1,ซีอลิ,ลั่วหยาง,
17580,ปกติ,ทหารบึงลึก,71,น้ำ,555,248,11,42,31,31,8,17,น้ำพุทะลวง,-,-,"กุ้งทราย, ปลาซิงจี, กระดูกจระเข้(7)",บึงเกาเหลียง,เจียวโจว,พานหวี,
10123,ปกติ,พรตปีศาจ,73,น้ำ,556,314,28,30,19,29,18,19,กระบี่น้ำแข็ง,-,-,"ยาน้ำหญ้ากจี, สุราเปิดตวง",ป่าผิงหยาง3,ปิงโจว,ซังตั่ง,
17084,ปกติ,ทหารวังหลวง,73,น้ำ,483,301,7,34,31,29,25,25,น้ำพุทะลวง,-,-,"ยาปลอดโปร่ง, ยาน้ำหญ้าทะเล, ขนแผงคอม้า(7)",ป่าหู่เหลา,ซีอลิ,ลั่วหยาง,
17584,ปกติ,หน่วยขวานใหญ่,75,น้ำ,583,257,9,39,25,32,8,35,น้ำพุทะลวง,-,-,"ปอเปี๊ยะต้นหอม, สุราข้าวโพด, ดินปั้นละเอียด(7)",ป่ากว้างซิ่น1,เจียวโจว,พานหวี,
17124,ปกติ,ทหารศึกกวนจง,76,น้ำ,507,266,8,41,27,31,18,32,น้ำพุทะลวง,-,-,"หญ้าห้ามเลือด, สุราไท่หยวน, กระดาษเขียว(8)",ป่าเสียกู่,กวนจง,ฉางอัน,
17320,ปกติ,ทหารผอมโซ,78,น้ำ,595,326,5,34,33,31,18,32,น้ำป่า,-,-,"ส้มเช้ง, ยาเม็ดสิบซ้ำ, ก้านเจ๋อหลัน(8)",เนินป๋อวั่ง1,จิงเปีย,เซียงหยาง,
17196,ปกติ,ซือลี่จ่าง,80,น้ำ,617,316,8,43,41,33,16,18,น้ำพุทะลวง,-,-,"ยาเม็ดสิบซ้ำ, ชาพิรุณพรม, ยาวิญญาณม่วง",ป้อมหยูซวี่2ล่าง,ไหวหนาน,โซ่วชุน,
17592,ปกติ,ทหารล่าสัตว์,82,น้ำ,641,278,7,47,21,35,9,41,น้ำพุทะลวง,-,-,"น่องไก่รมควัน, สุราโสมบริสุทธิ์, หนังสัตว์ยักษ์(9)",ป่าฝนหลงเทียน1,เจียวโจว,เจียวจือ,
17322,ปกติ,ชายป่วย,84,น้ำ,643,358,36,22,33,34,21,21,น้ำป่า,-,-,"ยาน้ำหญ้าทะเล, กระดาษไผ่เกา(14)",เนินป๋อวั่ง2บนซ้าย,จิงเปีย,เซียงหยาง,
17327,ปกติ,เร้นกายพิสุทธิ,84,น้ำ,643,358,36,25,29,34,21,22,กระบี่น้ำแข็ง,-,-,"ยารักษาระดับสอง, ชาหอมล้ำลึก, กระดาษซวน(9)",ป่าซินหยาง,จิงเปีย,เซียงหยาง,
17329,ปกติ,ชาวนาหนุ่ม,86,น้ำ,660,355,4,40,35,34,20,37,น้ำพุทะลวง,-,-,"สุราหอม, ผักใหญ่, ไม้เจียงหยาง(15)",ป่าอั้วหลง,จิงเปีย,เซียงหยาง,
17590,ปกติ,ทหารเหนือบึง,86,น้ำ,736,317,9,49,36,47,14,16,น้ำพุทะลวง,-,-,"ปลาดาบวิเศษ, ปลาหญ้า, กระตอง100ปี(9)",บึงหลงชวน2,เจียวโจว,พานหวี,
17607,ปกติ,ทหารยิงรบ,88,น้ำ,681,310,14,48,38,36,12,24,น้ำพุทะลวง,-,-,"น่องไก่รมควัน, สุราโสมบริสุทธิ์",ป่าเซียนซาน2,จิงเปีย,เซียงหยาง,
17336,ปกติ,ทหารเจี่ยวหมาน,91,น้ำ,700,374,4,41,38,36,21,37,กระบี่น้ำแข็ง,-,-,"สุราร้อนแรง, ยาเหลืองใหญ่, ใบเชิง(10)",ค่ายซังยง1,จิงเปีย,เซียงหยาง,
17209,ปกติ,ทหารหาญหมีเหิน,92,น้ำ,767,339,24,43,38,40,26,35,น้ำพุทะลวง,-,-,"ซาละเปาเนื้อ, สุราร้อนแรง, มะละกอหวาน, สันหลังหมาป่า(13)",ป่าเงินซาง1,กวนจง,ฉางอัน,
17597,ปกติ,หน่วยเสือร้าย,93,น้ำ,733,289,18,43,50,40,7,26,น้ำพุทะลวง,-,-,"เนื้อแผ่น, สุราหยาบ, ไหดินหูเจียง(17)",ค่ายจิวเจิน,เจียวโจว,เจียวจือ,
17157,ปกติ,ทหารซิวหลอ,94,น้ำ,724,320,5,47,32,38,22,40,น้ำพุทะลวง,-,-,"ซาละเปาเนื้อ, ชาเตาหอม, สุราชั้นเก่า",ป่าด่านส่านกวน2,กวนจง,ฉางอัน,
10254,ปกติ,ทหารกล้า,94,น้ำ,789,292,10,53,32,48,7,44,น้ำพุทะลวง,-,-,"น้ำสมุนไพรลับ, ชาก่อนวสันต์",ป่าจูหยาง,เจียวโจวเกาะ,พานหวี,
10141,ปกติ,ทหารเถื่อน,95,น้ำ,732,324,6,51,44,38,22,27,น้ำพุทะลวง,-,-,"ซาละเปาเนื้อ, สุราร้อนแรง, พายลูกแกะ",สุสานจิ๋นซี2,กวนจง,ฉางอัน,
17072,ปกติ,ทหารปีกเขียว,98,น้ำ,757,401,3,46,36,39,23,47,น้ำพุทะลวง,-,-,ยาน้ำย้อนว่าง,เนินฉางปัน2ล่าง,เขตจิงเปีย,เซียงหยาง,
27071,ปกติ,ศพประหลาด,101,น้ำ,2722,403,14,108,137,12,11,18,กำแพงน้ำแข็ง,น้ำพุทะลวง,-,"ยาเหลืองใหญ่, สุราร้อนแรง, เงินเฟิ่งตู",ทุ่งวิญญาณ1,นรก,ไป๋ตี้,
17334,ปกติ,ผู้กล้าจิงโจว,102,น้ำ,891,417,4,45,42,41,24,45,น้ำป่า,-,-,"ปูยามตายาว, ปลาคอท",ป่าเจียงหลิง,เขตจิงเปีย,หลังเมืองเจียงหลิง,
17340,ปกติ,ทหารพันโท,104,น้ำ,910,425,5,46,41,42,25,48,น้ำพุทะลวง,-,-,"ผักกาดขาวดอง, สุราโซซี",ค่ายซังยง2,จิงเปีย,เซียงหยาง,
10229,ปกติ,ทหารเฟิ่งเต้า,105,น้ำ,944,366,12,64,60,46,15,11,น้ำพุทะลวง,-,-,"ผักกาดขาวดอง, ชาก่อนวสันต์, ยาวิญญาณเขียว",ช่องเขาจืออู่ล่าง,กวนจง,ฉางอัน,
17563,ปกติ,ทหารคุมเสบียง,107,น้ำ,984,403,13,56,51,50,20,23,น้ำพุทะลวง,-,-,"เนื้อแผ่น, สุราหยาบ, ยาคืนวิญญาณ",ป่าหมู่บ้านจี้เซียน,เหลียงโจว,เทียนสุ่ย,
17345,ปกติ,มือคุมหางเสือ,109,น้ำ,956,444,6,43,50,44,26,45,น้ำพุทะลวง,-,-,"ปลารงหนังดำ, ปลาหอม, ปลาหญ้า, กระดาษฮั่น(16)",ค่ายเจียงเซีย1,จิงเปีย,เซียงหยาง,
17032,ปกติ,ทหารเขี้ยวสุกร,110,น้ำ,855,371,5,65,50,44,26,28,น้ำพุทะลวง,-,-,"กะหล่ำปลี, ปลาหอม, ปลาหญ้า, กระดาษจั่วปิง(12), กระดูกหมูคลั่ง(11)",ป่าเปยหนาน2,เกาะอีโจว,หมู่บ้านข่ายตำเก่อ,
17263,ปกติ,เพียนเจี้ยง,112,น้ำ,991,421,24,58,54,46,21,17,น้ำพุทะลวง,-,-,"กะหล่ำปลี, สุราเจียวติ",ช่องเขาเลียกู่ล่าง,กวนจง,ฉางอัน,
17264,ปกติ,ผีเจี้ยง,113,น้ำ,1004,436,25,52,60,47,23,18,น้ำพุทะลวง,-,-,"พายลูกแกะ, สุราโซซี",ช่องเขาเลียกู่ล่าง,กวนจง,ฉางอัน,
17452,ปกติ,ทหารทวนเหล็ก,114,น้ำ,1037,419,14,66,51,51,20,24,น้ำพุทะลวง,-,-,"ผักกาดขาวดอง, สุราหยาบ",ป่าลีเถิง1,เหลียงโจว,เทียนสุ่ย,
17313,ปกติ,ทหารทวนหม่าหาน,115,น้ำ,896,387,5,62,40,46,27,45,น้ำพุทะลวง,-,-,"ปลาคอท, หอยแมลงภู่ใหญ่, ลิ้นไช่ซี, แผ่นไผ่ร้อน(12)",ป่าหม่าหาน1,เกาะวีลี่(เกาหลี),เผ่าคุ้ยโหลว,
17357,ปกติ,ผู้กล้าเสือก้อ,115,น้ำ,1011,468,6,46,49,46,27,51,น้ำพุทะลวง,-,-,"ยาเหนียวรักษา, สุรายาแดนใต้",ทางหัวหยง3,จิงเปีย,เจียงหลิง,
17616,ปกติ,ทหารแนวหน้า,115,น้ำ,1024,421,18,54,59,48,20,27,น้ำพุทะลวง,-,-,"ยาน้ำระงับว่าง, สุราหยาบ",ทุ่งหญ้าหมาอี้1,ไซเป่ย,หมู่บ้านซิงเฉียง,
17267,ปกติ,ปิงเฉา,117,น้ำ,1018,452,39,60,52,45,24,22,น้ำพุทะลวง,-,-,"เนื้อแผ่น, สุราหยาบ, ดาวบำเพ็ญ(22)",ช่องเขาเสียกู่ล่าง,กวนจง,ฉางอัน,
17453,ปกติ,ทหารพิทักษ์กฏ,117,น้ำ,1038,412,35,60,54,48,18,17,กระบี่น้ำแข็ง,-,-,"เนื้อแผ่น, ชาไหวหนาน",ป่าหลินจือ,เหลียงโจว,เทียนสุ่ย,
17645,ปกติ,พยัคฆ์สังหาร,117,น้ำ,1130,347,19,62,57,62,8,24,น้ำพุทะลวง,-,-,"ทุเรียน, ปลาหญ้า",บึงซ่าในถ้ำ2,หลิงหนาน,หลินอี้,
17346,ปกติ,กองขว้างมีดลับ,120,น้ำ,1058,500,43,48,47,48,30,22,น้ำป่า,-,-,"ปลาเสือ, ลิ้นไช่ซี, ปูยามตายาว, แพรทอลีสัน(12)",ค่ายเจียงเซีย2บน,จิงเปีย,เซียงหยาง,
17360,ปกติ,ทหารสะบั้นแตก,120,น้ำ,1058,489,10,51,47,48,28,52,น้ำพุทะลวง,-,-,"ยาน้ำย้อนว่าง, ชาเจียนอัน, ขวดดินไถ่หวง(12)",ทางหัวหยง1,จิงเปีย,เจียงหลิง,
28047,ปกติ,กวางแซมบา,120,น้ำ,1078,316,7,47,76,51,7,49,น้ำพุทะลวง,-,-,"เนื้อป่านุ่ม, กระดูกขากวาง(12)",ยอดเขาปีเหลาเค่อ,หลิงหนาน,ฟูหนาน,
17494,ปกติ,ทหารน้ำซีสู่,121,น้ำ,1091,461,22,53,63,52,24,23,น้ำพุทะลวง,-,-,"ส้มแม่น้ำหมิน, ชาก่อนวสันต์, ไม้วังหงษ์(13)",ช่องเขาฉวิจาง,อี้โจว,ไป๋ตี้,
17455,ปกติ,ทหารฉีอู่,122,น้ำ,1044,430,39,47,63,44,19,32,น้ำพุทะลวง,-,-,"ผักกาดขาวดอง, สุราหยาบ, สันหลังหมาป่า(13)",ค่ายอันติ้ง,เหลียงโจว,เทียนสุ่ย,
17319,ปกติ,ทหารกุ้ยโหลว,125,น้ำ,979,419,4,72,44,50,29,48,น้ำป่า,-,-,"โสมยักษ์, โสมป่าร้อยปี, สุราเจียวติ, กระดาษย่วนหลิง(17)",ป่าไต้ฟาง1,เกาะวีลี่,เผ่ากุ้ยโหลว,
17497,ปกติ,ยอดทหารเชียง,125,น้ำ,1078,513,25,68,55,46,30,24,น้ำพุทะลวง,-,-,"เนื้อแผ่น, สุราหยาบ, แผ่นไผ่เจือจือ(10)",ป่าเจียเหมิง1,อี้โจว,หนานเจิ้ง,
17462,ปกติ,ทหารฉีซาน,126,น้ำ,1098,466,37,64,53,48,23,25,น้ำพุทะลวง,-,-,"ยาเหนียวรักษา, สุราหยาบ",ค่ายเขาฉีซาน1,เหลียงโจว,เทียนสุ่ย,
28050,ปกติ,ลิงปากแดง,127,น้ำ,1131,351,12,69,36,52,10,72,น้ำพุทะลวง,-,-,มังคุด,ป่าฝนผู่ฉง,หลิงหนาน,ฟูหนาน,
17363,ปกติ,ผู้กล้าอินทรี,130,น้ำ,1151,540,45,51,53,52,33,23,กระบี่น้ำแข็ง,-,-,"น้ำทิพย์, สุราเจียงหนาน, ผ้าลินค้าคาง(15)",ทางหัวหยง2ล่าง,จิงเปีย,เจียงหลิง,
17623,ปกติ,ขุนทุ่งหญ้า,132,น้ำ,1259,460,21,67,58,66,20,30,น้ำพุทะลวง,-,-,"เนื้อวัวแห้ง, ชาน้ำมันกรอบ",ทุ่งหญ้ากู้ฝัง2,ไซเป่ย,เผ่าซงหนูตะวันออก,
27072,ปกติ,วิญญาณผีดิบ,132,น้ำ,2352,501,18,150,146,13,11,24,น้ำพุทะลวง,น้ำแข็งปิดคลุม,-,"สาลี่น้ำใหญ่, สุรายอดข้าว, เงินเฟิ่งตู",ทุ่งวิญญาณ2ล่าง,นรก,ไป๋ตี้,
17407,ปกติ,ทหารทองแดง,135,น้ำ,1219,466,9,66,80,57,20,34,น้ำพุทะลวง,-,-,"เนื้อหมูดำ, สุราเจียงหนาน, ยาวิญญาณแดง, ไหดินเยวาดสี(13)",ป่าไหลหยาง1,จิงหนัน,หมู่บ้านกุ้ยหยาง,
17467,ปกติ,ทหารกองหน้า,137,น้ำ,1217,409,33,79,59,55,25,22,น้ำพุทะลวง,-,-,"เนื้อหมูดำ, สุรายอดข้าว",ภูเขาดินเจียถิง,เหลียงโจว,เทียนสุ่ย,
17404,ปกติ,ทหารหนิงหย่วน,140,น้ำ,1427,526,10,57,82,62,27,39,น้ำพุทะลวง,-,-,"พายเนื้อทอด, สุราหยกไข่มุก, ยาคืนวิญญาณ",ช่องเขาหลีหลิง2,จิงหนัน,ฉางซา,
17475,ปกติ,ดาบสะบั้นเชียง,141,น้ำ,1421,514,26,68,78,60,25,22,น้ำพุทะลวง,-,-,"เนื้อแพะนุ่ม, ชาเผ่าเซียง",ช่องเขาหวงจง1,เหลียงโจว,เผ่าเซียง,
17625,ปกติ,เปียนจวิน,141,น้ำ,1489,514,24,67,66,70,25,28,น้ำพุทะลวง,-,-,"เนื้อแพะแห้ง, สุรานมม้า, ยาวิญญาณแดง",ทุ่งหญ้ากว่างอู่,ไซเป่ย,หมู่บ้านเหอเท่า,
17419,ปกติ,ทหารเรือรบใหญ่,142,น้ำ,1463,390,45,66,73,65,21,11,กระบี่น้ำแข็ง,-,-,"ปลาหญ้าทะเล, ปลาเดียวตาโต, ยาวิญญาณแดง, หอยทะเลยักษ์(23)",ป่าหยวนหลิง2,จิงหนัน,หลิงหลิง,
17471,ปกติ,ผู้กล้าซานโต้ว,142,น้ำ,1428,544,25,73,66,60,29,28,น้ำพุทะลวง,-,-,"ยาน้ำรักขาระดับ, สุรายาลับสน, น้ำลายหมาป่า(12)",ภูเขาดินเจียถิงขวา,เหลียงโจว,เทียนสุ่ย,
17044,ปกติ,ขุนพลปู้ชวี,144,น้ำ,1427,584,8,86,52,58,34,46,น้ำพุทะลวง,-,-,"ปลาเสือ, ปลาเดียวตาโต, หอยสังข์(12)",บึงเจิงโข่ว1,จิงเปีย,เซียงหยาง,
17033,ปกติ,ขุนพลเฝ้าเมือง,146,น้ำ,1448,593,13,83,55,58,35,45,น้ำพุทะลวง,-,-,"ปลาเหลืองทอด, สุรายอดข้าว, สุราเล้าชิง, ไม้เจี้ยนอัน(16)",ผ่านเฉิง3,จิงเปีย,เซียงหยาง,
27091,ปกติ,อสูรคลุมไหล่,147,น้ำ,3232,589,35,154,129,18,17,39,กำแพงน้ำแข็ง,น้ำพุทะลวง,-,"สุรายาสิบสม, ผลึกสถิตเซียน(24)",เขาดาบซากกระบี่1,นรก,ไป๋ตี้,
17515,ปกติ,ทหารปาจวิ้น,148,น้ำ,1475,468,44,76,69,60,16,27,น้ำพุทะลวง,-,-,"เห็ดเป่าฮื้อ, ชาฝนใส, งูหลามหนานหมาน(19)",ป่าปาจวิ้น1,อี้โจว,ปาจวิ้น,
17411,ปกติ,มือดาบไว,149,น้ำ,1510,568,11,69,90,64,30,31,น้ำพุทะลวง,-,-,"น่องนึ่งใบบัว, ชาไหวหนาน",ป่าหลินเอ๋อ,จิงหนัน,หมู่บ้านกุ้ยหยาง,
17392,ปกติ,ทหารพาย,150,น้ำ,1511,500,8,95,64,63,20,45,น้ำพุทะลวง,-,-,"ยาน้ำสน, ยาต่อวิญญาณ, ไหดินเผาเจี้ยนอัน(18)",ป่าเซี่ยโข่ว1,จิงเปีย,เจียงหลิง,
17522,ปกติ,ขุนเจิ้นเลี่ย,152,น้ำ,1540,511,33,82,77,65,21,25,น้ำพุทะลวง,-,-,"ไม้ผลป่าสุก, ยาน้ำสน, ม้ามีชื่อ",ป่าเจียงหยาง,อี้โจว,เฉิงตู,
17528,ปกติ,มือดาบหยวน,155,น้ำ,1585,525,32,87,78,68,22,22,น้ำพุทะลวง,-,-,"เห็ดเป่าฮื้อ, สุราธารใส, อำพันแสงม่วง(14)",ค่ายเหียนฉวี่1,อี้โจว,ไป๋ตี้,
27094,ปกติ,มนุษย์หมาป่า,155,น้ำ,3712,615,34,160,138,18,17,42,น้ำพุทะลวง,น้ำแข็งปิดคลุม,-,"โสมคนร้อยปี, ยาน้ำสน",เขาดาบซากกระบี่3,นรก,ไป๋ตี้,
17398,ปกติ,ทหารโล่เหล็ก,156,น้ำ,1600,584,14,75,83,69,30,36,น้ำพุทะลวง,-,-,"ปลาหลูปากแหลม, ปูหมั่นโถว, ยาคืนวิญญาณทอง, ขวดดินเถียนฉาง(19)",ค่ายปาชิว1,จิงหนัน,ฉางซา,
17395,ปกติ,ทหารค่ายเหล็ก,156,น้ำ,1607,513,8,92,75,70,20,42,น้ำพุทะลวง,-,-,"อุ้งตีนหมีป่า, ปลาหญ้าทะเล, เกล็ดปลาเหนือ(22)",ป่าเซี่ยโข่ว,จิงเปีย,เซียงหยาง,
17526,ปกติ,ค่ายเจาอู่,158,น้ำ,1594,553,21,86,90,66,25,27,น้ำพุทะลวง,-,-,"พายเนื้อทอด, สุราหยกไข่มุก, ขวดดินเผาถวาย(21), ม้าพันธุ์ดี",ป่าเจี้ยนเก๋อ2,อี้โจว,ลั่วเฉิง,
17530,ปกติ,ทหารซิงกั๋ว,160,น้ำ,1777,558,28,87,81,67,25,28,น้ำพุทะลวง,-,-,"หมูปิ้งทั้งตัว, สุราบ๊วยดอง, ผ้าดินปาสู่(23)",ค่ายเหียนฉวี่2,อี้โจว,ไป๋ตี้,
17425,ปกติ,ทหารอี๋เต้า,161,น้ำ,1821,596,12,96,73,72,30,35,น้ำพุทะลวง,-,-,"อุ้งตีนหมีป่า, ยาต่อวิญญาณ, กระดูกขาเสือ(18)",ช่องเขาอี้เต้า1,จิงหนัน,หลิงหลิง,
17400,ปกติ,นักบู๊เกราะ,162,น้ำ,1844,598,14,74,91,74,30,33,น้ำพุทะลวง,-,-,"หมูปิ้งทั้งตัว, สุราบ๊วยดอง, กระดาษหลินอี้(19)",ค่ายปาชิว,จิงหนัน,ฉางซา,
17631,ปกติ,กองทหารปล้น,163,น้ำ,1896,536,28,75,85,80,21,33,น้ำพุทะลวง,-,-,"เปี๊ยะเนื้อวัว, สุรานมแกะ",ช่องเขาไปเต็ง1,ไซเป่ย,หมู่บ้านซิงเฉียน,
17536,ปกติ,อาสาหลางจ้ง,163,น้ำ,1796,608,31,81,84,66,31,29,น้ำพุทะลวง,-,-,"รากบัวซวนจง, ชาเย็นเขาสู่, แพรต่วนมุกหยก(17)",ป่าหลางจ้ง,อี้โจว,ไป๋ตี้,
17431,ปกติ,ทหารชิงเรือ,168,น้ำ,1897,117,14,99,83,74,28,33,น้ำพุทะลวง,-,-,"ยาปลอดโปร่ง, ยาต่อวิญญาณ, ไม้สนอี้โจว(19)",ค่ายหยุนม่ง1,จิงหนัน,ฉางซา,
22057,ปกติ,จิ้งจอก9หาง,172,น้ำ,4794,669,182,31,155,18,17,43,กระบี่น้ำแข็ง,น้ำแข็งปิดคลุม,-,"อุ้งตีนหมีป่า, สุราสวรรค์",ป่าสืออิน,นรก,ไป๋สุย,
17482,ปกติ,ทหารเจิงฉี,174,น้ำ,1906,619,35,92,90,68,29,32,น้ำพุทะลวง,-,-,"สาลี่เชียงจง, สุราสวรรค์, กระดาษฝนเขียว(24), ม้าพันธุ์ดี",ทะเลทรายอวี่เหมิน,เหลียงโจว,ตุนหวง,
17552,ปกติ,พันอั้ยโข่ว,176,น้ำ,1923,645,31,93,92,68,32,34,น้ำพุทะลวง,-,-,"เปี๊ยะใหญ่แข็ง, สุราหอมเบญจมาศ, กระดาษลู่จง(22)",ป่าท่าจง2,อี้โจว,ลั่วเฉิง,
17556,ปกติ,ทหารทะลวงตี,178,น้ำ,1955,650,33,93,91,70,32,34,น้ำพุทะลวง,-,-,"เห็ดหอมป่า, สุราบรรณาการ, ไม้ศักดิ์สิทธิ์(23)",เชิงเขาเปยซาน,อี้โจว,หนานเจิ้ง,
17559,ปกติ,ทหารบุกเบิก,179,น้ำ,1949,652,35,94,96,68,32,32,น้ำพุทะลวง,-,-,"เปี๊ยะใหญ่แข็ง, สุราจันทร์งาม, ผ้าทอเสฉวน",ป่าท่าจง4,อี้โจว,ลั่วเฉิง,
17636,ปกติ,ทหารฮวงหู,179,น้ำ,2100,579,33,88,90,90,22,34,น้ำพุทะลวง,-,-,น้ำผึ้งราชินี,ทุ่งหญ้าโหลวผ่าน2,ไซเป่ย,เผ่าซงหนูตะวันตก,
17022,ปกติ,ทหารศึกหนีทัพ,3,ไฟ,31,66,1,1,1,1,1,1,ไฟเพลิง,-,-,"หมั่นโถวเล็ก, ราสเบอร์รี่",ป่าโหลวซาง1,อิวโจว,จัวจวิ้น,
10042,ปกติ,องครักษ์เหลือง,5,ไฟ,38,70,1,3,2,2,1,1,ไฟเพลิง,-,-,"ยากำหนดปราณ, ขนมรังนก, ข้าวห่อ, ผ้าโพกไท่ผิง",ป่าโหลวซาง2,อิวโจว,จัวจวิ้น,
17002,ปกติ,ทหารเลว,5,ไฟ,35,69,2,3,2,1,1,1,ไฟเพลิง,-,-,"ยาปราณดำเนิน, สุราขุ่น, สุราข้าวโพด",ป่าโหลวซาง5,อิวโจว,จัวจวิ้น,
10110,ปกติ,ผ้าเหลือง,8,ไฟ,51,77,2,4,3,3,2,2,ไฟเพลิง,-,-,"ข้าวห่อ, ขนมรังนก, ราสเบอร์รี่, ผ้าโพกไท่ผิง",ป่าโหลวซาง4,อิวโจว,จัวจวิ้น,
10060,ปกติ,ทหารศึกแกร่ง,11,ไฟ,58,78,1,8,6,3,1,3,ไฟเพลิง,-,-,"ยาน้ำจงหยวน, หญ้าชีเจี้ย(1)",ป่าโหลวซาง3,อิวโจว,จัวจวิ้น,
17027,ปกติ,ทหารเสือดาว,13,ไฟ,72,84,1,7,4,5,2,6,ไฟร้อนแรง,-,-,"ยากำหนดปราณ, ยาน้ำพุทิพย์",ป่าฉางซาน,จี้โจว,เยี่ยเฉิง,
14250,ปกติ,คนมู่จู๋,19,ไฟ,97,126,12,3,3,7,10,3,ไฟร้อนแรง,-,-,"เนื้อยุ่ย, ยาคืนวิญญาณ, ไม้อู่ตง(3), กิ่งกัวหลู่(1), ไม้สนดำ(4)",ป่าเฉาเกอ,จี้โจว,เยี่ยเฉิง,
10130,ปกติ,ทหารถวายชีพ,20,ไฟ,112,94,3,10,12,10,2,3,ไฟเพลิง,-,-,"ยาบำรุงโลหิต, ผักดอง, สุราขาว",ป่าหลีหยาง,จี้โจว,เยี่ยเฉิง,
10054,ปกติ,ทหารนายกอง,24,ไฟ,129,109,5,12,8,11,4,8,ไฟร้อนแรง,-,-,"ขนมรังนก, สาลี่น้ำหวาน",ป่าจวี่ลู่,จี้โจว,เยี่ยเฉิง,
17070,ปกติ,ทหารดาบอูหวน,24,ไฟ,132,117,3,11,11,10,6,8,ไฟร้อนแรง,-,-,"ปลาแห้ง, หมั่นโถวเล็ก, สุราเจียงหวาย, หนังเดียว(4)",นอกด่าน6,แดนหิมะ,จัวจวิ้น,
15155,ปกติ,หลางโถวเกอ,28,ไฟ,131,124,3,16,11,9,6,11,ไฟร้อนแรง,-,-,"เนื้อสันหมู, เนื้อไก่",ป่าศิลาหยางหยา,เขตซิงโจว,เปยไห่,
10055,ปกติ,ทหารเกราะกล้า,28,ไฟ,154,119,7,9,12,14,5,9,ไฟร้อนแรง,-,-,"ขนมน้ำชา, ยาน้ำรักษาแผล",ป่าอู่จง,อิวโจว,จัวจวิ้น,
14132,ปกติ,โจรเหินหาว,29,ไฟ,146,121,6,14,7,12,5,16,ไฟร้อนแรง,-,-,"ผักดอง, ผักกาดขาวเค็ม, สุราขาว, สุราเก่า",นอกด่าน1,แดนหิมะ,จัวจวิ้น,
15153,ปกติ,หัวหน้าเผิงไหล,33,ไฟ,155,156,16,8,9,11,11,11,ลูกไฟ,-,-,"กระดองปูขน(3), เปลือกหอยแครง(2), หนังนกทะเล(5)",ป่าเผิงไหล,เขตซิงโจว,เปยไห่,
17117,ปกติ,ทหารกวงอู่,34,ไฟ,216,138,5,16,12,16,7,11,ไฟร้อนแรง,-,-,"น้ำนมเกษรบัว, ยาห้ามเลือด, น้ำค้างเขียว, น้ำแข็งน้ำใส",ดินแดนหิมะซางหลี,แดนหิมะ,เซียงผิง,
10136,ปกติ,ทหารเกราะคลั่ง,36,ไฟ,169,131,2,17,15,12,5,20,ไฟร้อนแรง,-,-,"ชาหญ้าขจี, ยาปราณดำเนิน, เห็ดฟาง",ป่าหนิวจู่3,เจียงตง,เจี้ยนเยี่ย,
17145,ปกติ,ฝู่จวินเซี่ยว,37,ไฟ,223,152,6,17,14,15,9,11,ไฟร้อนแรง,-,-,"ปลาหางเสือ, น้ำส้มแม่น้ำ, ขนมอบต้นหอม, ยันต์ไฟร้อนแรง",ป่าเจี้ยนเยี่ย,เจียงตง,เจี้ยนเยี่ย,
17239,ปกติ,ทหารอ๋องเต๋อ,38,ไฟ,190,155,6,15,17,15,9,14,ลูกไฟ,-,-,"หอยเหล็กหมาด, ไหถวนผัดสุรา, หอยทากทุ่งนา",ป่าอู๋จวิ้น,เจียงตง,อู๋จวิ้น,
17303,ปกติ,เชลยศึก,40,ไฟ,221,142,4,20,14,20,6,14,ลูกไฟ,-,-,"เนื้อแพะแห้ง, น้ำค้างเขียว, ยาปราณดำเนิน",เขาไป้หลาง2,แดนหิมะ,เซียงผิง,
10093,ปกติ,ทหารมายา,41,ไฟ,188,167,20,16,9,13,11,14,ลูกไฟ,-,-,"มะละกอเขียว, สุราข้าวเดือย, ควันผู้ป้องกัน, แผ่นไม้โหลวซาง(6)",ป่ากว้างหลิง,เขตสวีโจว,สวีโจว,
17148,ปกติ,ทหารง้าวทะลวง,41,ไฟ,255,154,6,18,16,18,8,16,ลูกไฟ,-,-,"ปลาหางเสือ, หอยหงษ์แดง, สุราหนิงลู่",บึงหวีหยาง1,เขตเจียงตง,อุยจี,
17053,ปกติ,ทหารศึกดาบกล้า,42,ไฟ,206,160,14,18,16,16,9,11,รวมจิตโจมตี,-,-,"ชาละเปาผัก, สุราข้าวเดือย, แผ่นไม้โหลวซาง(6)",ป่ากว้างหลิง,เขตสวีโจว,เซี่ยพี,
17231,ปกติ,ทหารซานเยี่ย,42,ไฟ,211,166,4,24,18,17,10,10,ลูกไฟ,-,-,"ไหถวนผัดสุรา, แคนตาลูป, ปลาเค็มเล็ก, หนังกวางป่า(5)",ป่าชวนเฉิง,เขตเจียงตง,เจี้ยนเยี่ย,
17281,ปกติ,ทหารหิมะเหลียว,42,ไฟ,222,155,7,15,19,19,8,15,ลูกไฟ,-,-,"โสมคนป่า, น้ำค้างเขียว, ผงหยุดตระหนก",แดนหิมะเหลียวซุ่ย,แดนหิมะ,เซียงผิง,
17277,ปกติ,หญิงลายเสือดาว,43,ไฟ,230,152,7,14,15,20,7,20,ลูกไฟ,-,-,"ลำไย, เนื้อสันหมู, องุ่นม่วง, ดอกไม้แดงผู่(4)",ยอดเขาจิงเซียน,เขตเจียงตง,อุยจี,
17253,ปกติ,ทหารซั่งเหยา,44,ไฟ,221,173,12,19,13,18,11,16,กงจักรไฟ,-,-,"เนื้อแพะแห้ง, เนื้อขี้เมา, ลูกพลับ, กระดูกหมูเขา(5)",ยอดเขาซังเหยา,เขตเจียงตง,อุยจี,
17244,ปกติ,คนดุกล้า,45,ไฟ,236,165,5,21,19,20,9,15,กงจักรไฟ,-,-,"สุราเหวินจวิน, สุรากู่เหลียง, สุราข้าวเดือย, กระดองเต่าทะเล(5)",บึงอูเฉิง3,เขตเจียงตง,อู๋จวิ้น,
17292,ปกติ,คนล่าเสือ,45,ไฟ,246,155,8,14,19,22,7,19,กงจักรไฟ,-,-,"สุราเหวินจวิน, สุราเก่า, สุราเกาเหลียง",ดินแดนหิมะซินซาง,แดนหิมะ,เซียงผิง,
17019,ปกติ,หัวหน้ากองทหาร,48,ไฟ,241,184,10,20,19,19,12,16,กงจักรไฟ,-,-,"ยาน้ำพุโบราณ, สุราหนิงลู่, ยาเม็ดรักษาอาการ","ค่ายน้ำชวีอี้2, ป่าโซ่วชุน, ป้อมหยูซวี่1, ป้อมหยูซวี่2บนซ้าย",เขตไหวหนาน,โซ่วชุน,
28027,ปกติ,อินทรีปีกยาว,48,ไฟ,245,175,5,23,16,20,10,20,ระบำไฟ,-,-,"ปลาเค็มเล็ก, กระเรียนแดง, กระเรียนขาว",ดินแดนหิมะเปยเฟิง,แดนหิมะ,เซียงผิง,
10186,ปกติ,องครักษ์แดง,49,ไฟ,259,186,7,17,10,22,12,32,ลูกไฟ,-,-,"ผลไม้ป่า, น้ำนมเกษรบัว, น้ำองุ่นแดง",ป่าเซี่ยไซ่,เขตสวีโจว,สวีโจว,
10168,ปกติ,ขุนพลต้าอู่,50,ไฟ,251,191,17,26,12,20,12,13,กงจักรไฟ,-,-,"ยาเม็ดรักษาอาการ, ผงหยุดตระหนก",ยอดเขาเจียสือ,เขตไหวหนาน,โซ่วชุน,
14235,ปกติ,โจรน้อย,51,ไฟ,217,158,17,11,12,13,6,43,กงจักรไฟ,-,-,"ยากำหนดปราณ, ลูกเจ้าแดง, สุราต้าอู่",ยอดเขาเจียสือ,เขตไหวหนาน,โซ่วชุน,
17088,ปกติ,นักรบเย่าอู่,51,ไฟ,257,193,13,24,16,20,13,16,ลูกไฟ,-,-,"สุราเก่าเก็บ, สุราข้าว","บึงเฉิงเต๋อ, ป้อมหยูซวี่2บนขวา",เขตไหวหนาน,โซ่วชุน,
17371,ปกติ,ทหารลาดตระเวน,52,ไฟ,262,195,7,22,21,21,12,18,ลูกไฟ,-,-,"ชาละเปาผัก, ปอเปี๊ยะต้นหอม, ยาวิญญาณม่วง",ป่าเหอตง,เขตปิงโจว,เหอตง,
17092,ปกติ,นักรบเลี่ยอู่,54,ไฟ,296,201,10,25,16,26,13,18,ลูกไฟ,-,-,"ชาละเปาผัก, น้ำส้มแม่น้ำ, ยาดอกไม้แดง","ป่าสือถิง,ชานเมืองเนินหัว","เขตไหวหนาน, เขตเหยียนโจว","โซ่วชุน, เนินหลัว",
17147,ปกติ,ทหารง้าวตะขอ,56,ไฟ,339,155,5,31,22,22,4,22,กงจักรไฟ,-,-,"ยาน้ำหกรส, หอยหงษ์แดง, หอยเหล็กหมาด, เปลือกปลาหวง(6)",บึงเพิงเจ๋อ2,เขตเจียงตง,เจี้ยนเยี่ย,
17113,ปกติ,ทหารเหยียนอู่,56,ไฟ,283,211,24,20,21,22,14,11,กงจักรไฟ,-,-,"สุราห้าธัญพืช, สุราเจิ้นจิว, ควันผู้ป้องกัน",ป่ากุนหลิว1,เขตปิงโจว,ซังตั่ง,
17096,ปกติ,นักรบเสินอู่,56,ไฟ,297,206,8,20,26,25,13,20,รวมจิตโจมตี,-,-,"แอปเปิ้ลเขียว, ยาน้ำเข้มหยก, ยาน้ำพุเซียน, เลือดคุณธรรม(5)",ป่าไผ่อิงขวน3,เขตเหยียนโจว,หว่านเฉิง,
17100,ปกติ,นักรบเทียนอู่,58,ไฟ,281,202,10,18,35,21,12,20,กงจักรไฟ,-,-,"น้ำมะเขือแดง, สุราต้าซี, นารีแดง",ป่าอู่อิน,เขตเหยียนโจว,หว่านเฉิง,
10134,ปกติ,ทหารเขี้ยวร้าย,60,ไฟ,364,225,34,6,24,24,16,21,รวมจิตโจมตี,-,-,"ยาเม็ดหงษ์น้อย, ส้มน้อย",ยอดเขาเทียนจู้2,เขตไหวหนาน,โซ่วชุน,
10115,ปกติ,ขุนพลผ้าเหลือง,60,ไฟ,364,219,10,35,29,24,14,12,รวมจิตโจมตี,-,-,"น้ำนมเกษรบัว, น้ำองุ่นแดง, ผลไม้ป่า",เหมืองแร่หยู่หนาน,เขตเหยียนโจว,หยู่หนาน,
10242,ปกติ,ทหารใหญ่,61,ไฟ,424,210,8,32,24,34,5,16,รวมจิตโจมตี,-,-,"เห็ดฟางป่า, สุราโจ๊ก",ป่าฝนลีผู้,เจียวโจว,พานหวี,
17111,ปกติ,ทหารศึกเรือไฟ,62,ไฟ,376,223,6,22,25,25,15,29,กงจักรไฟ,-,-,"ปลาเค็มเล็ก, น้ำมะเขือแดง, ปลาเตียวดำโต, เปลือกปลาหวง(6)",ค่ายไฉซาง2,เขตเจียงตง,ไซ่วชุน,
17377,ปกติ,ขุนพลสยบ,63,ไฟ,382,226,6,29,26,25,15,23,รวมจิตโจมตี,-,-,"สุราไก่หยวน, เนื้อไก่",ป่าเกาตู1,ปิ้งโจว,ซังตั่ง,
17574,ปกติ,ทหารเจียวจื่อ,65,ไฟ,458,218,8,36,32,37,5,12,รวมจิตโจมตี,-,-,"ลำไยหวาน, รากบัวไข่มุก, หนังเดียวลาย(6)",ป่าฝนเจียวจื่อ,เจียวโจว,เจียวจือ,
17077,ปกติ,ทหารเกราะแดง,69,ไฟ,431,213,7,26,29,28,11,35,กงจักรไฟ,-,-,"ยาเม็ดคุ้มสมาน, ผงช่วยแผล, ชาน้ำใส, กระดองปูม้า(7)",ยอดเขาชีโข,ไหวหนาน,โซ่วชุน,
17107,ปกติ,ทหารเลี่ยอู่,69,ไฟ,421,253,35,13,21,28,18,29,รวมจิตโจมตี,-,-,"ยาน้ำบำรุงกาย, สุราเก่า, กระดาษหนังวัว(6), ดินดำ(6), ยาคืนวิญญาณ(3)",ป่าจิงเจ้า1,กวนจง,ฉางอัน,
17103,ปกติ,ทหารเจี้ยนอู่,70,ไฟ,462,251,19,27,34,28,17,20,รวมจิตโจมตี,-,-,"ส้มน้อย, องุ่นม่วง, หนังหนาใหญ่(6), ยาคืนวิญญาณ",ป่าด่านอู่กวน1,กวนจง,ฉางอัน,
17161,ปกติ,เต้าหลิงจื่อ,70,ไฟ,543,253,26,15,28,42,18,17,กงจักรไฟ,-,-,"สุราชั้นเก่า, ชาซินเฟย, สุราไท่หยวน",ยอดเขาหวนหยวน1,ซีอลิ,ลั่วหยาง,
17578,ปกติ,ทหารเนินเขา,70,ไฟ,590,246,11,34,19,38,8,28,รวมจิตโจมตี,-,-,"ข้าวโพดต้ม, ชาซินเฟย",ป่าฝนจงซู่2,เจียวโจว,พานหวี,
10209,ปกติ,เสนาผ้าเหลือง,71,ไฟ,469,268,36,11,26,28,20,26,ระบำไฟ,-,-,"ยาปราณดำเนิน, กระเรียนขาว, ยาคืนวิญญาณ",ค่ายภูเขาอัวหนิว2,เหยียนโจว,หยู่หนาน,
10122,ปกติ,เสือผิงหยาง,72,ไฟ,548,303,4,39,35,29,17,18,รวมจิตโจมตี,-,-,"ยาน้ำหญ้าขจี, สุราเปิดตวง",ป่าผิงหยาง3,ปิงโจว,ซังตั่ง,
17167,ปกติ,ทหารศึกนครหลวง,74,ไฟ,510,260,8,36,37,33,18,20,ระบำไฟ,-,-,"ชาละเปาเนื้อ, ชาซินเฟย",ป่าหู่เหลา,ซีอลิ,ลั่วหยาง,
17383,ปกติ,ทหารทวนซงหนู,74,ไฟ,564,310,4,41,23,30,17,33,ระบำไฟ,-,-,"เนื้อยุ่ย, สุราร้อนแรง, ยาคืนวิญญาณ",ป่าจิ้นหยาง1,ปิงโจว,ซังตั่ง,
17330,ปกติ,ทหารเจียงหลิง,75,ไฟ,572,262,5,37,35,30,18,23,ลูกไฟ,-,-,"เต้าหู้อ่อน, สุราจิงอู่, การบูรซานเยีย(8)",ป่าเจียงหลิง1,จิงเปีย,เจียงหลิง,
17123,ปกติ,ทหารเหยี่ยนโจว,76,ไฟ,504,269,20,40,23,30,19,25,กงจักรพายุไฟ,-,-,"หญ้าห้ามเลือด, สุราไท่หยวน",ป่าเสียกู่,กวนจง,ฉางอัน,
17585,ปกติ,ทหารตัดไม้,76,ไฟ,583,253,9,40,25,31,7,37,รวมจิตโจมตี,-,-,"ปอเปี๊ยะต้นหอม, สุราข้าวโพด, การบูรซานเยีย(8)",ป่ากว้างซิ่น1,เจียวโจว,พานหวี,
17256,ปกติ,เสนาธิการ,80,ไฟ,671,334,7,47,32,42,19,15,รวมจิตโจมตี,-,-,"เนื้อยุ่ย, สุราชั้นเก่า",ค่ายหอเฝย,ไหวหนาน,โซ่วชุน,
17589,ปกติ,นายทหารเผ่า,83,ไฟ,670,274,12,44,40,39,8,18,รวมจิตโจมตี,-,-,"ปลารี้, ชานกวาวือ, กระดูกอินทรี(8)",บึงหลงชวน1,เจียวโจว,พานหวี,
17324,ปกติ,ทหารชาวบ้าน,84,ไฟ,643,348,6,34,33,34,20,39,กงจักรไฟ,-,-,"ยาเหลืองใหญ่, ชาเตาหอม, ดินปั้นร่วน(8)",เนินป๋อวั่ง2บนขวา,จิงเปีย,เซียงหยาง,
17328,ปกติ,ชาวนาเฒ่า,85,ไฟ,651,360,33,33,42,34,21,4,ระบำไฟ,-,-,"สุราหอม, ผักใหญ่, แผ่นไม้ไผ่หอม(14)",ป่าอั้วหลง,จิงเปีย,เซียงหยาง,
17389,ปกติ,ยามฉางเฉิง,86,ไฟ,660,356,5,43,43,34,20,25,รวมจิตโจมตี,-,-,"ผงโสมคนตงอี้, สุราร้อนแรง, ไม้เจียนอัน(16), ม้ามีชื่อ",ป่าจิ๋วหยวน,ปิงโจว,ซังตั่ง,
17591,ปกติ,หน่วยเพลิง,88,ไฟ,693,303,7,41,37,38,11,39,กระบี่ไฟบิน,-,-,"ปลาดาบวิเศษ, ปลาหญ้า",บึงหลงชวน2,เจียวโจว,พานหวี,
17608,ปกติ,ขุนเกราะเล็ก,89,ไฟ,684,336,10,50,33,36,16,32,รวมจิตโจมตี,-,-,"น่องไก่รมควัน, สุราโสมบริสุทธิ์",ป่าเซียนซาน2,จิงเปีย,เซียงหยาง,
17206,ปกติ,ทหารหาญหมีเหิน,89,ไฟ,718,274,22,40,38,38,16,34,รวมจิตโจมตี,-,-,"ยาน้ำระดับสอง, ชาใบอ่อน, กระดาษไซ่หลุน(10)",สุสานจิ๋นซี1,กวนจง,ฉางอัน,
10253,ปกติ,ขุนพลหอกบิน,91,ไฟ,809,273,8,52,45,54,5,15,กระบี่ไฟบิน,-,-,"มะละกอเหลือง, ผักกาดขาวดอง, แผ่นไผ่เรือน(12)",ป่าไผ่จูยา,เจียวโจวเกาะ,พานหวี,
17337,ปกติ,ทหารจงหมาน,92,ไฟ,708,379,5,44,37,37,22,38,ไฟร้อนแรง,-,-,"สุราร้อนแรง, ยาเหลืองใหญ่",ค่ายซังยง1,จิงเปีย,เซียงหยาง,
17596,ปกติ,ทหารเสือทะยาน,92,ไฟ,784,318,8,54,33,49,12,27,กระบี่ไฟบิน,-,-,"เนื้อแผ่น, สุราหยาบ, ไหมฝรั่ง(10)",ค่ายจิวเจิน,เจียวโจว,เจียวจือ,
17155,ปกติ,ผู้กล้าตะวัน,93,ไฟ,484,317,5,46,35,37,22,38,รวมจิตโจมตี,-,-,"ซาละเปาเนื้อ, ชาเตาหอม, สุราชั้นเก่า, หนังซานเซียง(10)",ป่าด่านส่านกวน1,กวนจง,ฉางอัน,
17210,ปกติ,หัวหน้าทหารหมี,93,ไฟ,775,343,25,39,42,40,26,34,กงจักรพายุไฟ,-,-,"ซาละเปาเนื้อ, สุราร้อนแรง, พักใหญ่, น้ำตาเซ็กเฮาว์(6)",ป่าเนินซาง1,กวนจง,ฉางอัน,
17064,ปกติ,ทหารยอดอาจ,95,ไฟ,732,390,5,45,39,38,22,39,กระบี่ไฟบิน,-,-,"สุรายาแดนใต้, ไหมฝรั่ง(10)",เนินฉางปัน2ล่าง,เขตจิงเปีย,เซียงหยาง,
10255,ปกติ,ขุนพลดาบตะขอ,95,ไฟ,795,294,9,52,38,48,7,35,กระบี่ไฟบิน,-,-,"น้ำสมุนไพรลับ, ชาก่อนวสันต์, ตับผู้กล้า(8)",ป่าจูหยาง,เจียวโจวเกาะ,พานหวี,
10135,ปกติ,ทหารเกราะโทสะ,96,ไฟ,740,328,8,53,25,38,23,42,กงจักรไฟ,-,-,"ซาละเปาเนื้อ, สุราร้อนแรง, สุราเจียวติ",สุสานจิ๋นซี2,กวนจง,ฉางอัน,
17332,ปกติ,มือเรือใหญ่,100,ไฟ,873,409,5,43,36,40,24,48,กงจักรไฟ,-,-,"ปลารงหนังดำ, ลิ้นไช่ซี, ผ้าทอจู้หลอ(11)",ป่าเจียงหลิง2ซ้าย,เขตจิงเปีย,เซียงหยาง,
27073,ปกติ,ผีเขี้ยวโลหิต,101,ไฟ,2722,403,14,132,110,12,11,21,รวมจิตโจมตี,รุ้งขาวทะลุตะวัน,-,"ยาเหลืองใหญ่, สุราร้อนแรง, เงินเฟิ่งตู",ทุ่งวิญญาณ2ล่าง,นรก,ไป๋ตี้,
17028,ปกติ,ทหารศึกเสือหิน,104,ไฟ,806,352,7,56,34,42,25,43,รวมจิตโจมตี,-,-,"มะละกอเหลือง, ชาเย็นใจ, สุรายาแดนใต้, เปลือกหอยกาบ(11)",ป่าเปยหนาน1,เกาะอีโจว,หมู่บ้านข่ายตำเก่อ,
17443,ปกติ,ทหารหล่งอิ้ว,105,ไฟ,900,353,19,61,54,39,13,21,กระบี่ไฟบิน,-,-,"ยาเหนียวรักษา, สุราหยาบ, เสาคานพันปี(10)",ช่องเขาจีกู่1,เหลียงโจว,เทียนสุ่ย,
28043,ปกติ,ลิงกินปู,106,ไฟ,928,281,22,59,31,42,6,49,รวมจิตโจมตี,-,-,ปูยามตายาว,ยอดเขาเอ๋าลา,หลิงหนาน,หลินอี้,
17614,ปกติ,ลาดตระเวน,106,ไฟ,1003,368,18,45,53,54,15,24,รวมจิตโจมตี,-,-,"พายลูกแกะ, สุราเจียวติ, หงอนกระเรียนไฟ(16)",ช่องเขาอินก่วน,ไซเป่ย,หมู่บ้านซังเฉียง,
17416,ปกติ,ผู้ตรวจลำน้ำ,108,ไฟ,977,411,6,64,38,48,21,36,รวมจิตโจมตี,-,-,"น่องไก่ย่าง, กะหล่ำปลี",ป่าหยวนหลิง1,จิงหนัน,หลิงหลิง,
17564,ปกติ,หน่วยพลาธิการ,108,ไฟ,977,411,13,58,52,48,21,21,รวมจิตโจมตี,-,-,"เนื้อแผ่น, สุราหยาบ",ป่าหมู่บ้านจี้เซียน,เหลียงโจว,เทียนสุ่ย,
17262,ปกติ,จู๋ป๋อ,110,ไฟ,978,410,26,57,53,46,20,17,รวมจิตโจมตี,-,-,"กะหล่ำปลี, สุราเจียวติ, กระดาษไซ่หลุน(10)",ช่องเขาเลียกู่ล่าง,กวนจง,ฉางอัน,
17642,ปกติ,ทหารบึง,111,ไฟ,1037,334,16,58,49,51,8,24,กระบี่ไฟบิน,-,-,ปูยามตายาว,บึงซ่าในถ้ำ1,หลิงหนาน,หลินอี้,
17402,ปกติ,ทหารกลุ่ม,112,ไฟ,1030,414,9,66,36,52,20,37,ไฟร้อนแรง,-,-,"ยาน้ำระงับว่าง, ชาก่อนวสันต์, ขวดดินเผาโจว(11)",ช่องเขาหลีหลิง1,จิงหนัน,ฉางซา,
17451,ปกติ,ทหารเตี่ยนเว่ย,113,ไฟ,1011,423,14,68,48,48,21,25,รวมจิตโจมตี,-,-,"ผักกาดขาวดอง, สุราหยาบ, ม้ามีชื่อ",ป่าลีเถิง1,เหลียงโจว,เทียนสุ่ย,
17312,ปกติ,ทหารดาบหม่าหาน,114,ไฟ,888,384,6,61,38,46,27,47,กระบี่ไฟบิน,-,-,"ปลาคอท, ปลาตาเหา, หงอนกระเรียนไฟ(16)",ป่าหม่าหาน,เกาะวีลี่,เผ่ากุ้ยโหลว,
17265,ปกติ,ตูเว่ย,115,ไฟ,1011,447,22,60,55,46,24,19,กระบี่ไฟบิน,-,-,"พายลูกแกะ, สุราโซซี, แผ่นไผ่งาม(11)",ช่องเขาเสียกู่ล่าง,กวนจง,ฉางอัน,
17266,ปกติ,ปู้ตู,117,ไฟ,1018,439,39,55,50,45,22,21,รวมจิตโจมตี,-,-,"เนื้อแผ่น, สุราหยาบ",ช่องเขาเสียกู่ล่าง,กวนจง,ฉางอัน,
17454,ปกติ,ทหารเชียงแดง,119,ไฟ,1039,434,16,60,59,47,21,30,ไฟร้อนแรง,-,-,"เนื้อแผ่น, ชาไหวหนาน, ไม้เมือกหอม(14)",ป่าหลินจือ,เหลียงโจว,เทียนสุ่ย,
17358,ปกติ,ทหารดาบย้อน,119,ไฟ,1048,486,13,52,48,48,28,47,รวมจิตโจมตี,-,-,"ยาน้ำระงับว่าง, ผงโสมคนตงอี้, หนังเล็บมังกร(16)",ทางหัวหยง2บน,จิงเปีย,เจียงหลิง,
17269,ปกติ,เซี่ยวเว่ย,120,ไฟ,1031,452,40,63,47,44,23,21,กงจักรพายุไฟ,-,-,"ยาน้ำย้อนว่าง, ชาก่อนวสันต์",ช่องเขาเสียกู่ล่าง,กวนจง,ฉางอัน,
10231,ปกติ,เต้าซือจวิน,121,ไฟ,1031,401,59,68,43,43,15,11,ไฟประลัยกัลป์,-,-,"น้ำสมุนไพรลับ, สุราเลี้ยงชื่อ, ไหดินสีนน้อย(14)",ช่องเขาจืออู่ล่าง,กวนจง,ฉางอัน,
17349,ปกติ,ผู้นำทหารเรือ,121,ไฟ,1067,506,49,46,43,48,31,22,กงจักรพายุไฟ,-,-,"ปลาคอท, ปลาตาเหา, ปูยามตายาว, หอยสังข์(12)",ค่ายเจียงเซีย2บน,จิงเปีย,เซียงหยาง,
17619,ปกติ,ดาบโค้ง,121,ไฟ,1067,421,17,46,59,48,18,50,กระบี่ไฟบิน,-,-,"ยาน้ำระงับว่าง, สุราหยาบ, หนังแพะเขาใหญ่(15)",กระบี่ไฟบิน,ไชเป่ย,หมู่บ้านซังเฉียง,
17456,ปกติ,ค่ายหล่งจง,122,ไฟ,1044,444,32,67,54,44,21,25,กระบี่ไฟบิน,-,-,"ผักกาดขาวดอง, สุราหยาบ",ค่ายอันตี้,เหลียงโจว,เทียนสุ่ย,
28048,ปกติ,กระต่ายเต้น,122,ไฟ,1044,314,8,78,52,44,6,54,รวมจิตโจมตี,-,-,เนื้อป่านุ่ม,ยอดเขาปีเหลาเค่อ,หลิงหนาน,ฟูหนาน,
17397,ปกติ,ทหารเรือต่อสู้,126,ไฟ,1151,486,35,59,52,56,26,21,รวมจิตโจมตี,-,-,"ปลารงหนังดำ, ปูยามตายาว",ค่ายกงอัน,จิงหนัน,หลิงหลิง,
28049,ปกติ,เต่าเดินบก,126,ไฟ,1319,336,12,63,77,81,8,7,รวมจิตโจมตี,-,-,สับปะรด,ป่าฝนผู่ฉง,หลิงหนาน,ฟูหนาน,
17501,ปกติ,ทหารเหยียนฮั่น,127,ไฟ,1131,468,25,66,51,52,23,33,กระบี่ไฟบิน,-,-,"น่องไก่ย่าง, สุราเจียวติ, อุกกาบาต(15)",ป่าหวาโข่ว,อี้โจว,หนานเจิ้ง,
22037,ปกติ,โสมไก้หม่า,129,ไฟ,1013,432,3,41,84,52,30,44,รวมจิตโจมตี,-,-,"โสมยักษ์, โสมป่าร้อยปี",ป่าไต้ฟาง2,เกาะวีลี่,เผ่ากุ้ยโหลว,
27074,ปกติ,วิญญาณพเนจร,130,ไฟ,2338,494,165,16,115,16,11,33,ไฟประลัยกัลป์,ไฟแผดเผา,-,"สาลี่น้ำใหญ่, สุรายอดข้าว, เงินเฟิ่งตู",ทุ่งวิญญาณ2บน,นรก,ไป๋ตี้,
17464,ปกติ,พันติ้งจวิน,131,ไฟ,1151,484,32,66,60,51,24,27,กระบี่ไฟบิน,-,-,"ยาเม็ดช่วยโลก, สุรายงโจว",ค่ายเขาฉีซาน2,เหลียงโจว,เทียนสุ่ย,
17622,ปกติ,เขี้ยวสุนัขป่า,131,ไฟ,1253,471,23,59,56,66,22,34,กระบี่ไฟบิน,-,-,"เนื้อวัวแห้ง, ชาน้ำมันกรอบ, กระดูกไหล่วัว(16)",ทุ่งหญ้ากู้ฝัง2,ไซเป่ย,เผ่าซงหนูตะวันออก,
17035,ปกติ,ทหารหาญเสือดาว,132,ไฟ,1170,537,11,70,51,53,31,44,รวมจิตโจมตี,-,-,"เนื้อวัวแห้ง, สุราหยกไข่มุก, สุราเจียงหนาน, แพรทอลีสัน(16)",ผ่านเฉิง1,จิงเปีย,เซียงหยาง,
17648,ปกติ,หญิงเยี่ยทอผ้า,134,ไฟ,1253,410,15,77,42,63,12,57,กระบี่ไฟบิน,-,-,"ลิ้นจี่, ชาเย็นใจ",ป่าฝนเยี่ยฉาง2,หลิงหนาน,หลินอี้,
17508,ปกติ,ทหารแม่ทัพ,135,ไฟ,1191,500,36,74,54,53,25,25,กระบี่ไฟบิน,-,-,"สาลี่น้ำใหญ่, ชาเย็นใจ, กระดูกไหล่วัว(15)",ป่าไปสู่ย,อี้โจว,ลั่วเฉิง,
17351,ปกติ,ทหารซุ่ม,136,ไฟ,1208,552,10,80,49,54,32,41,รวมจิตโจมตี,-,-,"ชาดีเจียงหนาน, สุราบ๊วยดอง, กระดูกขากวาง(12)",ค่ายอี้หลิง1,จิงเปีย,เจียงหลิง,
28051,ปกติ,หมูเขี้ยวโง้ง,138,ไฟ,1362,395,15,77,86,75,13,6,รวมจิตโจมตี,-,-,ซี่โครงป่า,ป่าฝนเยี่ยฉาง1,หลิงหนาน,หลินอี้,
17040,ปกติ,ผู้นำองครักษ์,139,ไฟ,1236,565,12,76,46,56,33,50,กระบี่ไฟบิน,-,-,"สุราเจียงหวาย, สุราหยกไข่มุก, หนังแพะเขาใหญ่(15)",ผ่านเฉิง2,จิงเปีย,เซียงหยาง,
17469,ปกติ,ทหารเปินหลาง,139,ไฟ,1225,475,57,71,51,54,20,22,รวมจิตโจมตี,-,-,"เนื้อแพะนุ่ม, สุราธารใส, ไม้เสียดฟ้า(22)",ภูเขาดินเจียถิงซ้าย,เหลียงโจว,เทียนสุ่ย,
17408,ปกติ,ทหารเฝ้าค่าย,142,ไฟ,1435,551,8,86,52,61,30,42,กระบี่ไฟบิน,-,-,"เนื้อคะนึง, ยาน้ำสน, ไม้เจี้ยนอัน(16)",ป่าไหลหยาง2,จิงหนัน,หมู่บ้านกุ้ยหยาง,
17476,ปกติ,ขุนปีศาจเซียง,142,ไฟ,1463,510,32,80,57,65,24,23,กระบี่ไฟบิน,-,-,"เนื้อแพะนุ่ม, ชาเผ่าเซียง, กระโหลกตานหวี(14)",ช่องเขาหวงจง1,เหลียงโจว,เผ่าเซียง,
17414,ปกติ,ทหารหลิงหลิง,145,ไฟ,1465,558,8,65,88,62,30,31,รวมจิตโจมตี,-,-,"เห็ดเป่าฮื้อ, ชาดีเจียงหนาน",ป่าเซียงหนาน,จิงหนัน,หลิงหลิง,
17473,ปกติ,ทหารธนูไฟ,145,ไฟ,1438,503,62,72,48,58,22,22,ระบำไฟ,-,-,"พายเนื้อทอด, ยาน้ำสน, กระดาษ9ประตู(20)",หุบเขาชิงฟัง,เหลียงโจว,เทียนสุ่ย,
17627,ปกติ,ทหารขวานโล่,147,ไฟ,1592,507,25,70,67,78,22,29,กระบี่ไฟบิน,-,-,"เนื้อคะนึง, สุราธารใส, ม้ามีชื่อ",แดนหิมะซั่งกู่1,ไซเป่ย,เผ่าซงหนูตะวันออก,
17048,ปกติ,ขุนพลเพียนผี,148,ไฟ,1469,600,9,85,55,59,35,47,รวมจิตโจมตี,-,-,"ปูสามจุด, หอยแมลงภู่ใหญ่, กระดาษลมสงบ(15), ยาวิญญาณแดง",บึงเจิงโข่ว2,จิงเปีย,เซียงหยาง,
17354,ปกติ,ทหารขนป่า,149,ไฟ,1479,604,10,90,59,60,35,41,กระบี่ไฟบิน,-,-,"ยาปลอดโปร่ง, เนื้อแพะนุ่ม, ไหมนุ่มจิงอู่(13), แพรต่วนมุกหยก(17)",ค่ายอี้หลิง3,จิงเปีย,เจียงหลิง,
17516,ปกติ,ทหารเพลิงไฟ,149,ไฟ,1468,505,45,68,82,58,21,23,รวมจิตโจมตี,-,-,"เห็ดเป่าฮื้อ, ชาฝนใส, ม้ามีชื่อ",ป่าปาจวิ้น1,อี้โจว,ปาจวิ้น,
27092,ปกติ,กระดูกชาย,150,ไฟ,3596,599,32,158,136,18,17,37,รวมจิตโจมตี,กระบี่ไฟบิน,-,"โสมคนร้อยปี, ยาน้ำสน",เขาดาบซากกระบี่2,นรก,ไป๋ตี้,
17651,ปกติ,ทหารช้างหลินอี,151,ไฟ,1708,418,12,90,88,90,8,10,รวมจิตโจมตี,-,-,"น้ำมะพร้าว, ยาวิญญาณแดง",ยอดเขาปูเหลา,หลิงหนาน,หลินอี้,
17629,ปกติ,เป่ยเซี่ยวเว่ย,152,ไฟ,1597,540,21,79,74,73,25,31,กระบี่ไฟบิน,-,-,"เนื้อคะนึง, สุราธารใส",แดนหิมะซั่งกู่2,ไซเป่ย,หมู่บ้านซิงเฉียน,
17524,ปกติ,ทหารจิงจง,153,ไฟ,1562,528,30,89,72,67,23,21,รวมจิตโจมตี,-,-,"เนื้อแพะนุ่ม, สุราหยกไข่มุก, ยาคืนวิญญาณทอง",ป่าเจี้ยนเก๋อ,เขต อี้โจว,ลั่วเฉิง,
17394,ปกติ,ทหารกล้าฉู่,155,ไฟ,1578,525,9,95,69,67,22,45,กระบี่ไฟบิน,-,-,"หอยหยกลาย, สุราบ๊วยดอง, จระเข้ฉางเจียง(17)",ป่าเซี่ยโข่ว2,จิงเปีย,เซียงหยาง,
17532,ปกติ,ทหารโล่หนัก,158,ไฟ,1587,539,30,91,85,65,23,21,รวมจิตโจมตี,-,-,"เนื้อแพะแห้ง, ชาไหวหนาน",ป่าเต๋อหยาง,อี้โจว,ปาจวิ้น,
17529,ปกติ,ทหารหลงอู่,159,ไฟ,1595,584,28,87,83,65,29,24,กระบี่ไฟบิน,-,-,"หมูปิ้งทั้งตัว, สุราบ๊วยดอง, ยาคืนวิญญาณ",ค่ายเหียนฉวี่2,อี้โจว,ไป๋ตี้,
17423,ปกติ,พันเฝ้าค่าย,159,ไฟ,1644,591,13,76,95,72,30,28,กระบี่ไฟบิน,-,-,"พายซี่โครงวัว, ยาน้ำสน, หนังเหยี่ยวล่า(24)",ค่ายอู่หลิง,จิงหนัน,หลิงหลิง,
17534,ปกติ,ขุนพลซั่งจวิน,160,ไฟ,1741,474,33,86,83,62,29,33,รวมจิตโจมตี,-,-,"รากบัวซวนจง, ชาเย็นเขาสู่, แผ่นไม้เจิง(17)",ป่าหนานกว้าง,อี้โจว,เฉิงตู,
27096,ปกติ,ปิศาจเหม็น,161,ไฟ,4173,634,35,163,150,18,17,36,รวมจิตโจมตี,กระบี่ไฟบิน,-,น้ำผึ้งราชินี,ป่ามัจจุราช,นรก,ไป๋ตี้,
17538,ปกติ,มือปีนเขา,162,ไฟ,1787,612,26,83,84,66,32,31,กระบี่ไฟบิน,-,-,"สาลี่เชียงจง, สุราสวรรค์, ผ้าเทพธิดา(24)",ช่องเขาเซียนเปียน,อี้โจว,หนานเจิ้ง,
17543,ปกติ,หน่วยชายแดน,164,ไฟ,1804,603,31,84,87,66,30,29,กระบี่ไฟบิน,-,-,"มันจ้วงหยวน, ยาต่อวิญญาณ",ช่องอิงผิง,อี้โจว,ลั่วเฉิง,
17426,ปกติ,นักบู๊หมาน,165,ไฟ,1870,612,11,99,77,74,31,33,กระบี่ไฟบิน,-,-,"น้ำผึ้งราชินี, สุราสตรีเชียง",ช่องเขาอี้เต้า2,จิงหนัน,หลิงหลิง,
17479,ปกติ,ทหารด่านชายแดน,167,ไฟ,1838,617,46,87,86,67,31,25,รวมจิตโจมตี,-,-,"ยาน้ำพลังปราณ, ยาต่อวิญญาณ, ขวดดินเผาเอกะ(22)",ทะเลทรายอวี่เหมิน,เหลียงโจว,ตุนหวง,
17433,ปกติ,ผู้กล้าค่าย,169,ไฟ,1934,593,12,100,86,78,27,29,กระบี่ไฟบิน,-,-,"มันจ้วงหยวน, สุราชวีหยวน, แผ่นไม้เอ๋อวี้(19)",ค่ายหยุนม่ง2,จิงหนัน,ฉางซา,
17484,ปกติ,ร้อยซีเปียน,170,ไฟ,1864,617,29,91,90,67,30,32,กระบี่ไฟบิน,-,-,"ยาปลอดโปร่ง, น้ำผึ้งราชินี, ละเก็ดดาว(23), ม้าพันธุ์ดี",ทะเลทรายตุนหวง,เหลียงโจว,ตุนหวง,
17547,ปกติ,ทหารทางภัย,171,ไฟ,1880,626,31,87,90,68,31,32,กระบี่ไฟบิน,-,-,"เห็ดหอมป่า, ชาเย็นเขาสู่, เล็บเสือหิน(23)",ป่าท่าจง,อี้โจว,เฉิงตู,
17481,ปกติ,ค่ายฮวงม่อ,173,ไฟ,1897,645,33,90,88,68,33,31,กระบี่ไฟบิน,-,-,"สาลี่เชียงจง, สุราสวรรค์, แพรต่วนล้ำค่า(22)",ทะเลทรายอวี่เหมิน,เหลียงโจว,ตุนหวง,
17635,ปกติ,ทหารสือม่อ,174,ไฟ,2058,575,32,84,87,89,23,31,กระบี่ไฟบิน,-,-,"น้ำผึ้งราชินี, ม้าสวรรค์โลหิต(18)",ทุ่งหญ้าโหลวผ่าน,ไซเป่ย,เผ่าซงหนูตะวันตก,
17551,ปกติ,ทหารเฝ้าค่าย,175,ไฟ,1907,657,33,89,88,67,34,35,รวมจิตโจมตี,-,-,"เปี๊ยะใหญ่แข็ง, สุราหอมเบญจมาศ, ควันผู้ป้องกัน",ป่าท่าจง2,อี้โจว,เฉิงตู,
17557,ปกติ,หน่วยเว่ยอู่,177,ไฟ,1939,647,33,95,93,69,32,29,กระบี่ไฟบิน,-,-,"ผักดอกหยก, สุราหอมเบญจมาศ, หนังปลาเหว่ย(23), ม้ามีชื่อ",ป่าท่าจง,อี้โจว,ลั่วเฉิง,
17561,ปกติ,ทหารไร้ต้าน,179,ไฟ,1964,637,38,94,93,70,30,32,รวมจิตโจมตี,-,-,"เปี๊ยะใหญ่แข็ง, ผงเขากวาง, เล็บกระเรียน(21)",ยอดเขาติ้งจวิน,อี้โจว,หนานเจิ้ง,
17637,ปกติ,นักสู้พลัง,180,ไฟ,2134,596,28,93,86,92,24,33,รุ้งขาวทะลุตะวัน,-,-,"น้ำผึ้งราชินี, หนังม้าป่า(25)",ทุ่งหญ้าโหลวผ่าน2,ไซเป่ย,เผ่าซงหนูตะวันตก,
17021,ปกติ,ทหารจัวจวิ้น,2,ลม,27,64,1,1,1,1,1,1,ลมพายุโจมตี,-,-,"ข้าวห่อ, ลูกเจ้าแดง, ราสเบอร์รี่",ป่าอำเภออี้เชียน,อิวโจว,จัวจวิ้น,
17020,ปกติ,ทหารศึกอิวโจว,2,ลม,27,64,1,1,1,1,0,1,ลมพายุโจมตี,-,-,"ขนมรังนก, ลูกเจ้าแดง, ราสเบอร์รี่",ป่าอำเภออี้เชียน,อิวโจว,จัวจวิ้น,
17012,ปกติ,ทหารศึกเลว,6,ลม,44,71,1,3,2,3,1,2,ลมพายุโจมตี,-,-,"ถังไหวหนาน, ยาเม็ดรวมเซียน, ยาน้ำพุทิพย์",ป่าจงซาน1,อิวโจว,จัวจวิ้น,
17001,ปกติ,ทหารเกราะ,6,ลม,44,71,1,1,5,3,1,1,ลมพายุโจมตี,-,-,"หมั่นโถวขาว, แอปเปิ้ลน้อย, ยาปราณดำเนิน",ป่าโหลวซาง1,อิวโจว,จัวจวิ้น,
14133,ปกติ,โจรร้าย,7,ลม,47,72,1,4,3,3,1,2,ลมพายุโจมตี,-,-,"ผักดอง, ผักกาดขาวเค็ม, สุราขาว",นอกด่าน2,แดนหิมะ,จัวจวิ้น,
17009,ปกติ,หัวหน้าทหารเลว,10,ลม,59,77,3,5,3,1,1,4,ลมพายุโจมตี,-,-,หมั่นโถวขาว,ป่าโหลวซาง3,อิวโจว,จัวจวิ้น,
10197,ปกติ,ทหารเสือเหลือง,14,ลม,74,126,3,7,3,5,2,10,ลมพายุโจมตี,-,-,"เนื้อขี้เมา, เนื้อสันหมู, ใบก้ยเคิน(2), หญ้าเกี่ยจคร้าน(1)",ป่าแห่งศิลา,อิวโจว,จัวจวิ้น,12801
10203,ปกติ,เกราะเฮยซาน,17,ลม,120,99,4,5,8,7,4,6,ลมพายุโจมตี,-,-,"ส้มน้อย, มะละกอเขียว, กระดาษเศษหญ้า(2)",ป่าซีซาน,จี้โจว,เยี่ยเฉิง,
14251,ปกติ,หัวหน้ามู่จู๋,20,ลม,95,124,10,4,5,6,9,6,ลมพายุโจมตี,-,-,"เนื้อยุ่ย, ยาคืนวิญญาณ, ไม้อู่ตง(3), ไม้สาลี่หยาบ(2), ไม้สนดำ(4)",ป่าเฉาเกอ,จี้โจว,เยี่ยเฉิง,
17078,ปกติ,มือดาบป่า,24,ลม,120,113,4,11,9,9,5,10,ลมพายุโจมตี,-,-,"ยารักษาบาดเจ็บ, ยาน้ำจงหยวน",ป่าตงจวิ้น,เขตซิงโจว,ตงจวิ้น,
17042,ปกติ,หัวหน้าทหารหมี,24,ลม,122,117,3,9,13,10,6,8,ลมพายุโจมตี,-,-,"สุราข้าวเดือย, ผ้าประชุน(2), ผ้าพันคอ(1)",ป่าเหอเน่ย,จี้โจว,เยี่ยเฉิง,
17071,ปกติ,ทหารกล้าอูหวน,25,ลม,134,119,2,12,10,10,6,10,ลมพายุโจมตี,-,-,"เนื้อแพะแห้ง, ปลาแห้ง, สุราเหลือง, ผ้าปอหยาบ(3)",นอกด่าน6,แดนหิมะ,จัวจวิ้น,
10200,ปกติ,ทหารเฮยซาน,29,ลม,176,130,11,10,9,12,7,10,ลมคลั่ง,-,-,"สุราหน่อไม้, น้ำมะเขือเทศ",ป่าเน่ยหวง,จี้โจว,เยี่ยเฉิง,
14161,ปกติ,คนเผ่านอกด่าน,32,ลม,152,116,4,20,15,11,3,11,ลมคลั่ง,-,-,"ผักกาดขาวเค็ม, องุ่นม่วง, เอ้อกัวโถว, ควันผู้ป้องกัน, หนังเหยี่ยว(4)",นอกด่าน3,แดนหิมะ,จัวจวิ้น,
17300,ปกติ,หมาป่ากระโจน,35,ลม,195,125,4,16,15,8,4,13,ลมคลั่ง,-,-,"ยาเม็ดรักษาอาการ, ยาเม็ดรวมเซียน, ผักดองเกลือ",เขาไป้หลาง,แดนหิมะ,เซียงผิง,
17083,ปกติ,ทหารหาญเขียว,35,ลม,190,130,6,16,15,17,5,11,ลมคลั่ง,-,-,"ยาห้ามปวด, ยาน้ำบำรุงกาย, ยาน้ำพุโบราณ, ยันต์หลบหลัก",ดินแดนหิมะซางหลี,แดนหิมะ,เซียงผิง,
17109,ปกติ,ทหารหยางอู่,35,ลม,201,130,2,16,13,12,5,22,ลมคลั่ง,-,-,"ไหถวนผัดสุรา, เห็ดฟาง, ไม้กุ้ยชั้น1(5)",ป่าหนิวจู่3,เจียงตง,เจี้ยนเยี่ย,
17309,ปกติ,ทหารเลวเยี่ย,35,ลม,219,146,3,16,9,23,8,11,ลมคลั่ง,-,-,"น้ำมะม่วง, เห็ดฟาง, สุราเดือย",ถ้ำอันเล่อ,เจียงตง,อุยจี,
13040,ปกติ,ฝ่านหงหลัน,37,ลม,186,81,13,12,11,15,10,13,ลมคลั่ง,-,-,"ยาเม็ดรักษาอาการ, ยาน้ำพุเซียน, หญ้าซือ(3), ต้นทานตะวันป่า(6), ควันผู้ป้องกัน",ป่าเรียนเซียน,สวีโจว,สวีโจว,
17211,ปกติ,คนเถื่อนภูเขา,38,ลม,190,124,3,28,17,15,3,10,ลมพายุโจมตี,-,-,"น้ำองุ่นแดง, สาลี่น้ำเล็ก, เอ้อกัวโถว",ป่าไหวอิน,สวีโจว,เซี่ยพี,
17242,ปกติ,มารวาววับ,39,ลม,192,158,6,14,16,15,9,17,ลมคลั่ง,-,-,"หอยหงษ์แดง, ไห่ฉวนผัดสุรา, หอยทากทุ่งนา",บึงอูเฉิง1,เจียงตง,อู๋จวิ้น,
13044,ปกติ,ทหารศึกเจียงตง,40,ลม,211,167,12,14,10,18,11,15,ลมคลั่ง,-,-,"ยาน้ำบำรุงกาย, ชาหญ้าขจี, ใบไผ่เขียว",ป่าลูเจียง2บน,เขตไหวหนาน,โซ่วชุน,
17149,ปกติ,ชันจวินเซี่ยว,42,ลม,243,155,9,18,15,15,8,19,ลมคลั่ง,-,-,"ปลาหางเสือ, ปลาบิน, สุราเจี้ยนจาง, เซลเอ่อน้ำ(4)",บึงหวีหยาง1,เขตเจียงตง,อุยจี,
10211,ปกติ,ผ้าเหลืองแกร่ง,43,ลม,216,171,13,13,16,17,11,13,ลมพายุโจมตี,-,-,"มะละกอเขียว, แพรต่วนฟ้าคราม(3), ผ้าทอมือ(6)",เขามางด้าง,เขตสวีโจว,สวีโจว,
17248,ปกติ,ทหารซานเยี่ย,43,ลม,225,157,4,19,18,19,8,15,ลมคลั่ง,-,-,"กล้วยเล็ก, สาลี่น้ำเล็ก, ส้มน้อย, หนังไก่ฟ้า(6)",ยอดเขาเจียนอัน,เขตเจียงตง,อุยจี,
10128,ปกติ,ขุนทัพหมาป่า,44,ลม,212,138,6,21,9,16,4,32,ลมคลั่ง,-,-,"มะละกอเขียว, แพรต่วนฟ้าคราม(3), ผ้าทอมือ(6)",เขามางด้าง,เขตสวีโจว,สวีโจว,
17293,ปกติ,ชายเผ่าเสี่ย,44,ลม,238,158,5,21,19,21,8,15,ลมคลั่ง,-,-,"กระเรียนแดง, สุราเจี้ยนจาง, สุราหงลู่, กระดาษหนังสัตว์(14)",ดินแดนหิมะเปยเฟิง,แดนหิมะ,เซียงผิง,
17284,ปกติ,ทหารศึกง้าวดาว,46,ลม,250,156,7,18,20,22,7,15,ลมพายุร้าย,-,-,"สุราหนิงลู่, กระเรียนขาว, สุราเย็นเซียง, ยาวิญญาณม่วง",แดนหิมะเหลียวซุ่ย,แดนหิมะ,เซียงผิง,
17089,ปกติ,นักรบเจิ้นอู่,49,ลม,246,187,12,20,17,20,12,17,ลมคลั่ง,-,-,"กล้วยยักษ์, องุ่นม่วง, แผ่นไผ่เขียว(4)","บึงเฉิงเต๋อ, ป้อมหยูซวี่1, ป้อมหยูซวี่2บนขวา",เขตไหวหนาน,โซ่วชุน,
10062,ปกติ,ทหารศึกง้าวบิน,49,ลม,280,187,10,14,26,26,12,10,ลมคลั่ง,-,-,"ผงแก้ปวด, ผงหยุดตระหนก, สุราขุนพล",ป่าเซียงเชี่ยน2,เขตสวีโจว,สวีโจว,
10153,ปกติ,ขุนทัพอู่เว่ย,50,ลม,291,190,11,20,33,20,12,10,ลมพายุร้าย,-,-,"ยาน้ำบำรุงกาย, น้ำเพิงซิน, ควันผู้ป้องกัน",ยอดเขาเจียสือ,เขตไหวหนาน,โซ่วชุน,
17245,ปกติ,กองอ๋องเต๋อ,50,ลม,683,152,4,33,22,26,5,10,ลมพายุร้าย,-,-,"ไห่ฉวนผัดสุรา, หอยแครง, หนังหนาใหญ่(6)",บึงอูเฉิง4,เขตเจียงตง,อู๋จวิ้น,
10049,ปกติ,ทหารศึกดาบสั้น,51,ลม,282,148,5,26,13,20,4,34,ลมพายุร้าย,-,-,"ผงเถียนชี, ผงหยุดตระหนก, สุราหนิงลู่",ยอดเขาเจียสือ,เขตไหวหนาน,โซ่วชุน,
28024,ปกติ,หมียอดม้า,51,ลม,297,148,4,25,22,28,4,17,ลมพายุร้าย,-,-,"เนื้อขี้เมา, เนื้อห้าดอกไม้, น้ำเพิงซิน, กระดูกหมี(6), ตุ๊กตาหมี",แดนหิมะซินซาง,แดนหิมะ,เซียงผิง,
17097,ปกติ,นักรบจิงอู่,56,ลม,313,188,4,38,24,28,10,10,ลมคลั่ง,-,-,"หมั่นโถวใหญ่, น้ำแร่กระเรียน, สุราข้าวเดือย, ยาคืนวิญญาณ","ด่านเชียวกวน, ป่าหยางเฉิง","เขตสวีโจว, เขตเหยียนโจว","สวีโจว, หว่านเฉิงหว่านเฉิง",
17146,ปกติ,ทหารเกราะสิงโต,57,ลม,345,156,5,32,20,23,4,23,ลมพายุร้าย,-,-,"ยาเม็ดฉุกเฉิน, ยาเม็ดหวนน้อย, หอยหงษ์แดง, ควันผู้ป้องกัน",บึงเฉิงเต๋อ2,เขตเจียงตง,เจี้ยนเยี่ย,
17101,ปกติ,นักรบกวงอู่,58,ลม,293,196,24,15,27,23,11,16,ลมคลั่ง,-,-,"ซาละเปาผัก, ส้มน้อย, สุราข้าวโพด, ยาคืนวิญญาณ, ดินปั้นอี(5)",ป่าหยู่หนาน,เขตเหยียนโจว,หยู่หนาน,
10183,ปกติ,จู๋ซิ่ง,59,ลม,298,209,9,20,23,24,13,29,ลมพายุร้าย,-,-,"น้ำนมเกษรบัว, น้ำองุ่นแดง, ผลไม้ป่า",เหมืองแร่หยู่หนาน,เขตเหยียนโจว,หยู่หนาน,
10144,ปกติ,จ้าวทหารเถื่อน,60,ลม,364,219,11,30,24,24,15,21,ลมคลั่ง,-,-,"ยาปราณดำเนิน, มะละกอเขียว",ป่าเปยไห่,เขตชิงโจว,เปยไห่,
17110,ปกติ,ทหารศึกเรือใบ,61,ลม,373,221,7,29,20,25,15,23,ลมพายุร้าย,-,-,"ผงเดินพลัง, ชาสมดุลรส, ยาน้ำเข้มหยก, หนังปลายักษ์(14)",ค่ายไฉซาง,เขตเจียงตง,อุยจี,
17065,ปกติ,ทหารเรือรบ,62,ลม,411,191,8,21,31,31,9,24,ลมพายุร้าย,-,-,"ปลาบิน, ลำไย, หอยกาบหินดำ, หญ้าโซ่ว(5)",ค่ายผอหยาง,เจียงตง,โซ่วชุน,
10247,ปกติ,ทหารหลีจิง,62,ลม,389,218,8,34,32,27,6,17,ลมพายุร้าย,-,-,"เห็ดหอมใหญ่, สุราห้าธัญพืช, ยาวิญญาณม่วง",ป่าฝนเขาอูจซาน,เจียวโจวเกาะ,พานหวี,
17375,ปกติ,นักรบยอดเขา,63,ลม,382,226,6,28,27,25,15,23,ลมพายุร้าย,-,-,"เห็ดฟางป่า, ซาละเปาหน่อไม้, สุราโจ๊ก, กระดาษยันต์(5)",ป่ากุนหลิว2,ปิ้งโจว,ซังตั่ง,
10043,ปกติ,ทหารปิศาจท่อง,66,ลม,401,235,6,27,25,26,16,30,ลมพายุร้าย,-,-,"สุราห้าธัญพืช, สุราเปิดตวง",ป่าผิงหยาง1,ปิ้งโจว,ซังตั่ง,
17575,ปกติ,ทหารเจียวจื่อ2,66,ลม,468,221,8,36,31,38,5,14,ลมพายุร้าย,-,-,"ลำไยหวาน, รากบัวไข่มุก",ป่าฝนเจียวจื่อ,เจียวโจว,เจียวจือ,
17378,ปกติ,หญิงรำชาวเขา,67,ลม,408,238,6,30,25,27,16,27,ลมม้วนเมฆแยก,-,-,"ปอเปี๊ยะทอด, เนื้อขุ่ย, ไม้อันเล่อ(15)",ป่าเกาตู2,ปิ้งโจว,ซังตั่ง,
17139,ปกติ,ทหารศึกทวนเย็น,67,ลม,438,83,5,34,22,32,11,27,ลมพายุร้าย,-,-,"หอยแครง, ใบไผ่เขียว, ปลาเค็มเล็ก",ค่ายอวี้จาง,เจียงตง,โซ่วชุน,
17102,ปกติ,ทหารเซียนอู่,69,ลม,421,248,20,32,23,28,17,23,ลมพายุร้าย,-,-,"ส้มน้อย, องุ่นม่วง, ผ้ากอฝ้าย(5)",ป่าด่านอู่กวน1,กวนจง,ฉางอัน,
17106,ปกติ,ทหารเวยอู่,70,ลม,462,252,21,29,29,28,17,21,ลมพายุร้าย,-,-,"ยาน้ำบำรุงกาย, สุราเก่า, ยาคืนวิญญาณ, แผ่นไผ่โหลวซาง(6)",ป่าจิงเจ้า1,กวนจง,ฉางอัน,
17566,ปกติ,ทหารน้ำเสบียง,70,ลม,590,240,10,36,38,38,7,8,ลมม้วนเมฆแยก,-,-,"ปลาเส้นเงิน, หอยกาบหินดำ, ยาวิญญาณม่วง",ค่ายไฉซาง3,เจียงตง,โซ่วชุน,
17127,ปกติ,นักพรตทารก,71,ลม,469,258,32,15,27,28,18,26,ลมพายุร้าย,-,-,"ยาทวีกำเนิด, ชาพิรุณพรม, ธาตุรณียก",ป่าหัวซาน,กวนจง,ฉางอัน,
17579,ปกติ,ทหารยอดเขา,71,ลม,601,243,10,37,18,39,7,31,ลมม้วนเมฆแยก,-,-,"ข้าวโพดต้ม, ชาซินเฟย",ป่าฝนจงซู่2,เจียวโจว,พานหวี,
17382,ปกติ,ทหารซงหนู,72,ลม,548,303,4,39,21,29,17,33,ลมพายุร้าย,-,-,"ชาละเปาเนื้อ, สุราชั้นเก่า",ป่าจิ้นหยาง1,ปิ้งโจว,ซังตั่ง,
17165,ปกติ,หญิงภูเขา,75,ลม,485,270,32,8,30,28,19,38,ลมพายุร้าย,-,-,"ผงไหมมรกต, หญ้าแมวกระทบ(2), ใบฝ่ามือ(6)",ป่าจืออู่,กวนจง,ฉางอัน,
17606,ปกติ,มือดาบยาว,75,ลม,497,263,14,42,36,30,9,18,ลมม้วนเมฆแยก,-,-,"ยาทวีกำเนิด, ชารสชุ่มชื้น",ป่าจิงเจ้า2,กวนจง,ฉางอัน,
17381,ปกติ,หัวหน้าชายแดน,75,ลม,572,314,5,37,34,30,18,24,โจมตีต่อเนื่อง,-,-,"ยาเม็ดสิบซ้ำ, สุราชั้นเก่า, หนังหนาใหญ่(6)",ป่าหลินเฟิน,ปิ้งโจว,ซังตั่ง,
17331,ปกติ,ทหารหนานจวิ้น,76,ลม,580,318,4,38,33,30,18,25,ลมคลั่ง,-,-,"เต้าหู้อ่อน, สุราจิงอู่, ผ้าไหมไหมป่า(8)",ป่าเจียงหลิง1,จิงเปีย,เจียงหลิง,
17162,ปกติ,ผู้สันโดษภูเขา,77,ลม,510,275,28,22,34,31,19,25,ลมพายุร้าย,-,-,"หญ้าห้ามเลือด, สุราไท่หยวน, ผ้าไหมไหมป่า(8)",ป่าเป่ยตี้1,กวนจง,ฉางอัน,
17586,ปกติ,ทหารโล่รบ,78,ลม,598,264,15,35,52,31,8,14,ลมม้วนเมฆแยก,-,-,"แตงเลี่ยฝอย, สุราต้าซี",ป่ากว้างซิ่น2,เจียวโจว,พานหวี,
17321,ปกติ,ทหารอ่อนแอ,79,ลม,603,330,6,36,32,32,19,30,ลมม้วนเมฆแยก,-,-,"ส้มเช้ง, ชาพิรุณพรม, ยาวิญญาณม่วง",เนินป๋อวั่ง1,จิงเปีย,เซียงหยาง,
17385,ปกติ,ชายเผ่าเจี๋ย,80,ลม,611,333,5,42,41,32,19,20,ลมม้วนเมฆแยก,-,-,"สุราโสมบริสุทธิ์, สุราเปิดตวง, กระดูกไหล่วัว(16)",ป่าจิ้นหยาง2,ปิ้งโจว,ซังตั่ง,
17255,ปกติ,ฉางสื่อ,80,ลม,683,298,11,48,35,44,13,11,โจมตีต่อเนื่อง,-,-,"ผงบัวเขียว, ชายอดใหม่",ค่ายหอเฝย,ไหวหนาน,โซ่วชุน,
17588,ปกติ,ทหารเผ่า,82,ลม,107,278,13,40,40,45,9,15,ลมม้วนเมฆแยก,-,-,"ปลารี้, ชานกวาวือ",บึงหลงชวน1,เจียวโจว,พานหวี,
17325,ปกติ,หัวหน้าชาวบ้าน,87,ลม,668,369,36,27,32,35,22,21,ลมพายุร้าย,-,-,"ยาเหลืองใหญ่, ชาเตาหอม, ผ้าดิ้นจั๊กกะ(9)",เนินป๋อวั่ง2บนขวา,จิงเปีย,เซียงหยาง,
17595,ปกติ,ทหารเสือเกราะ,88,ลม,699,279,9,49,22,39,7,46,โจมตีต่อเนื่อง,-,-,"ซาละเปาเนื้อ, สุราร้อนแรง",ป่าฝนหลงเทียน2,เจียวโจว,เจียวจือ,
17054,ปกติ,ทหารหมวกเหล็ก,90,ลม,692,371,5,41,39,36,21,35,ลมพายุร้าย,-,-,"ยาเหลืองใหญ่, ยาน้ำปูไป่, ดินปั้นจิงอู่(9)",เนินฉางปัน1,จิงเปีย,เซียงหยาง,
10252,ปกติ,ทหารดาบกลับ,90,ลม,753,271,10,56,48,46,5,14,โจมตีต่อเนื่อง,-,-,"มะละกอเหลือง, ผักกาดขาวดอง",ป่าไผ่จูยา,เจียวโจวเกาะ,พานหวี,
17599,ปกติ,ขุนหนานไห่,91,ลม,765,285,10,48,54,47,7,12,ลมม้วนเมฆแยก,-,-,"ยาเหนียวรักษา, สุรายอดข้าว, กระดาษซวน(11)",ค่ายหนานไห่,เจียวโจว,พานหวี,
17154,ปกติ,กองดาบใหญ่,92,ลม,478,314,6,46,34,37,22,38,ลมคลั่ง,-,-,"ซาละเปาเนื้อ, แตงเส้นฝอย, สุราร้อนแรง",ป่าด่านส่านกวน1,กวนจง,ฉางอัน,
17338,ปกติ,ทหารซั่งยง,97,ลม,749,398,5,45,42,39,23,36,ลมม้วนเมฆแยก,-,-,"ผักกาดขาวดอง, สุราโซซี",ค่ายซั่งยง2,เขตจิงเปีย,เซียงหยาง,
17225,ปกติ,ขุนพลหยาเหมิน,97,ลม,749,398,5,45,40,39,23,38,ลมพายุร้าย,-,-,"ยาน้ำย้อนว่าง, สุรายาแดนใต้, หนังขนนก(11)",เนินฉางปัน2ล่าง,เขตจิงเปีย,เซียงหยาง,
10140,ปกติ,นักบู๊อสูร,98,ลม,757,333,5,50,25,39,23,52,ลมพายุร้าย,-,-,"ยาเหลืองใหญ่, ผักใหญ่, สุราเจียวติ, ควันผู้ป้องกัน",ป่าชินเฟิง,กวนจง,ฉางอัน,
27075,ปกติ,ลิงเล็บเขียว,100,ลม,2709,355,25,107,106,14,4,41,หลบหลีก,โจมตีต่อเนื่อง,-,"ยาเหลืองใหญ่, สุราร้อนแรง, เงินเฟิ่งตู",ทุ่งวิญญาณ1,นรก,ไป๋ตี้,
17333,ปกติ,มือเรือเร็ว,101,ลม,882,413,4,48,37,40,24,47,ลมพายุร้าย,-,-,"ปลารงหนังดำ, ลิ้นไช่ซี, ดินปั้นสี(10)",ป่าเจียงหลิง2ซ้าย,เขตจิงเปีย,เจียงหลิง,
17612,ปกติ,ทหารนอกด่าน,101,ลม,1006,357,14,47,42,60,15,22,ลมม้วนเมฆแยก,-,-,"พายลูกแกะ, สุราเจียวติ",ทุ่งหญ้าหยุนจง,เขตไซเป่ย,ซังตั่ง,
17029,ปกติ,หญิงเสือดาวเมฆ,105,ลม,814,356,7,33,43,42,25,57,โจมตีต่อเนื่อง,-,-,"มะละกอเหลือง, พายลูกแกะ, สุรายอดข้าว, กระดูกเสือดาว(15)",ป่าเปยหนาน,เกาะอีโจว,หมู่บ้านข่ายตำเก่อ,
17342,ปกติ,ทหารง้าวเหล็ก,105,ลม,919,428,5,49,47,48,25,39,โจมตีต่อเนื่อง,-,-,"ผักกาดขาวดอง, สุรายาแดนใต้",ป่าไม่เฉิง,จิงเปีย,เจียงหลิง,
17444,ปกติ,ค่ายสอดแนม,106,ลม,906,388,21,60,50,39,18,19,ลมม้วนเมฆแยก,-,-,"ยาเหนียวรักษา, สุราหยาบ",ช่องเขาจีกู่1,เหลียงโจว,เทียนสุ่ย,
28044,ปกติ,หมีหลิ่งหนาน,107,ลม,1074,276,5,68,55,64,5,15,ลมม้วนเมฆแยก,ก้อนเนื้อดิบ,-,-,ยอดเขาเอ๋าลา,หลิงหนาน,หลินอี้,
17417,ปกติ,ทหารเรือเล็ก,110,ลม,1004,410,12,67,35,50,20,34,ลมสลาตัน,-,-,"น่องไก่ย่าง, กะหล่ำปลี, ไม้อันเล่อ(15)",ป่าหยวนหลิง1,จิงหนัน,หลิงหลิง,
17403,ปกติ,ทหารศึกฉางซา,114,ลม,1044,425,8,69,39,52,21,36,ลมม้วนเมฆแยก,-,-,"ยาน้ำระงับว่าง, ชาก่อนวสันต์, หางจระเข้ยักษ์(17)",ช่องเขาหลีหลิง1,จิงหนัน,ฉางซา,
10152,ปกติ,ทหารหมานอู่,116,ลม,1070,423,10,68,44,54,20,34,ลมม้วนเมฆแยก,-,-,"น้ำสมุนไพรลับ, สุรายาแดนใต้, ตาเสือ(17)",เขาจิเจินเหิน,จิงหนัน,หลิงหลิง,
17644,ปกติ,หญิงดาบงาม,116,ลม,1044,345,15,61,41,50,8,55,โจมตีต่อเนื่อง,-,-,"ทุเรียน, ปลาหญ้า, ยาวิญญาณเขียว",บึงซ่าในถ้ำ,หลิงหนาน,หลินอี้,
17348,ปกติ,ทหารเชิญธง,118,ลม,1039,491,41,44,50,47,30,21,ลมพายุร้าย,-,-,"ปูยามตายาว, ปลาคอท, ปลาตาเหา, ควันผู้ป้องกัน",ค่ายเจียงเซีย2บน,จิงเปีย,เซียงหยาง,
17314,ปกติ,ผู้กล้าหม่าหาน,119,ลม,929,400,5,65,54,48,28,36,โจมตีต่อเนื่อง,-,-,"ยาน้ำระงับว่าง, โสมป่าร้อยปี, หนังลายจุด(12)",ป่าหม่าหาน2,เกาะวีลี่,เผ่าคุ้ยโหลว,
17268,ปกติ,เซี่ยนเว่ย,120,ลม,1038,446,30,64,57,45,22,22,โจมตีต่อเนื่อง,-,-,"ยาน้ำย้อนว่าง, ชาก่อนวสันต์, ผ้าทอลิสัน(12)",ช่องเขาเลียกู่ล่าง,กวนจง,ฉางอัน,
17618,ปกติ,ทหารโหยชั่ว,120,ลม,1078,446,20,60,54,51,22,31,โจมตีต่อเนื่อง,-,-,"ยาน้ำระงับว่าง, สุราหยาบ",ทุ่งหญ้าหมาอี้2,ไซเป่ย,หมู่บ้านซิงเฉียง,
17361,ปกติ,องครักษ์มังกร,122,ลม,1076,497,11,54,50,49,29,49,ลมม้วนเมฆแยก,-,-,"ยาน้ำย้อนว่าง, ชาเจียนอัน, กระดาษจงผิง(12)",ทางหัวหยง1,จิงเปีย,เจียงหลิง,
17459,ปกติ,ทหารเร็วไว,123,ลม,1071,459,44,51,58,47,23,21,ลมพายุร้าย,-,-,"กะหล่ำปลี, สุราเจียวติ, ผ้าทอจู้หลอ(11)",ค่ายหนานอัน,เหลียงโจว,เทียนสุ่ย,
17318,ปกติ,ทหารซุ่นหนู,124,ลม,971,416,4,69,41,50,29,50,โจมตีต่อเนื่อง,-,-,"โสมยักษ์, หอยแมลงภู่ใหญ่, สุราเจียวติ",ป่าไต้ฟาง1,เกาะวีลี่,เผ่ากุ้ยโหลว,
17461,ปกติ,ทหารตระเวนเขา,125,ลม,1111,457,33,52,69,51,22,22,โจมตีต่อเนื่อง,-,-,"ยาเหนียวรักษา, สุราหยาบ, พลังกล้าหาญ(10)",ค่ายเขาฉีซาน1,เหลียงโจว,เทียนสุ่ย,
17457,ปกติ,ทหารค่ายง้าว,127,ลม,1118,489,28,67,49,50,26,30,ลมม้วนเมฆแยก,-,-,"ยาน้ำย้อนว่าง, ชานมร้อน",ค่ายอันตี้ผ่านถ้ำ,เหลียงโจว,เทียนสุ่ย,
17621,ปกติ,ทหารเขี้ยวใหญ่,127,ลม,1239,522,16,67,48,68,31,19,ลมม้วนเมฆแยก,เนื้อแผ่น,ชานมร้อน,-,ทุ่งหญ้ากู้ฝัง1,ไซเป่ย,เผ่าซงหนูตะวันออก,
17362,ปกติ,ขุนพลเหิน,129,ลม,1142,537,47,53,50,52,32,22,ลมพายุร้าย,-,-,"น้ำทิพย์, สุราเจียงหนาน, ไม้ไผ่ป่วย(16)",ทางหัวหยง2ล่าง,จิงเปีย,เจียงหลิง,
17499,ปกติ,ทหารง่ามเหล็ก,129,ลม,1124,487,33,67,54,49,25,28,โจมตีต่อเนื่อง,-,-,"ผักขาวนุ่ม, ชาเย็นใจ",ป่าเจียเหมิง2,อี้โจว,หนานเจิ้ง,
27076,ปกติ,กระโหลกขาว,132,ลม,2352,501,18,150,146,13,11,24,โจมตีสลบ,ลมม้วนเมฆแยก,-,"สาลี่น้ำใหญ่, สุรายอดข้าว, เงินเฟิ่งตู",ทุ่งวิญญาณ2ล่าง,นรก,ไป๋ตี้,
17036,ปกติ,ทหารศึกเสือ,133,ลม,1179,540,10,70,54,53,32,42,โจมตีต่อเนื่อง,-,-,"เนื้อวัวแห้ง, เนื้อแพะนุ่ม, สุราเจียงหนาน, หนังลายจุด(12)",ผ่านเฉิง1,จิงเปีย,เซียงหยาง,
17445,ปกติ,องครักษ์เหล็ก,134,ลม,1185,512,25,65,75,53,27,22,ลมม้วนเมฆแยก,-,-,"เนื้อวัวแห้ง, สุรายงโจว, หนังแพะเขาใหญ่(15)",เชิงเขาเลียหลง,เหลียงโจว,เทียนสุ่ย,
17350,ปกติ,ทหารส่วนหน้า,135,ลม,1198,549,12,78,49,54,32,41,ลมม้วนเมฆแยก,-,-,"ยาน้ำเขาดำ, ยาปลอดโปร่ง, กระดองสีเลือด(15)",ค่ายอี้หลิง1,จิงเปีย,เจียงหลิง,
17468,ปกติ,ทหารหู่ชิน,137,ลม,1205,395,53,72,49,53,23,23,โจมตีต่อเนื่อง,-,-,"เนื้อหมูดำ, สุรายอดข้าว, หนังสืออ่อนนุ่ม(13)",ภูเขาดินเจียถิง,เหลียงโจว,เทียนสุ่ย,
17624,ปกติ,ค่ายง้าวขอ,140,ลม,1468,512,24,70,67,68,25,25,โจมตีต่อเนื่อง,-,-,"เนื้อแพะแห้ง, สุรานมม้า",ทุ่งหญ้ากว่างอู่,ไซเป่ย,หมู่บ้านเหอเท่า,
17352,ปกติ,ทหารเวร,141,ลม,1396,572,9,84,52,56,33,43,โจมตีต่อเนื่อง,-,-,"สุราบ๊วยดอง, สุราราชสำนัก, แผ่นไม้ไผ่จิง(17), ไม้ลายกลม(17)",ค่ายอี้หลิง2,จิงเปีย,เจียงหลิง,
17043,ปกติ,ขุนอาคันตุกะ,143,ลม,1417,580,10,83,54,57,34,45,ลมม้วนเมฆแยก,-,-,"ปลาตาเหา, หอยหยกลาย, ยาวิญญาณแดง, หนังกระเรียน(17)",บึงเจิงโข่ว,จิงเปีย,เซียงหยาง,
17409,ปกติ,เสี่ยวเว่ย,143,ลม,1450,547,9,88,53,62,29,44,โจมตีต่อเนื่อง,-,-,"เนื้อคะนึง, ยาน้ำสน",ป่าไหลหยาง2,จิงหนัน,หมู่บ้านกุ้ยหยาง,
17010,ปกติ,ทหารรักษาเมือง,145,ลม,1438,589,12,80,53,58,34,47,ลมม้วนเมฆแยก,-,-,"ปลาเหลืองทอด, พายเนื้อทอด, สุรายอดข้าว, แผ่นไผ่เวียนหยาง(13)",ผ่านเฉิง3,จิงเปีย,เซียงหยาง,
17474,ปกติ,ทหารต้านตี,146,ลม,1448,498,48,72,67,58,21,25,โจมตีต่อเนื่อง,-,-,"พายเนื้อทอด, ยาน้ำสน, ม้ามีชื่อ, เขากวางยักษ์(24)",หุบเขาชิงฟัง,เหลียงโจว,เทียนสุ่ย,
17478,ปกติ,ขุนเฟยเชียง,147,ลม,1474,528,31,86,67,64,25,22,ลมม้วนเมฆแยก,-,-,"พายซี่โครงวัว, ชาเผ่าเซียง, แผ่นไผ่จง(22)",ช่องเขาหวงจง2,เหลียงโจว,เผ่าเซียง,
17410,ปกติ,ผู้กล้าเขา,148,ลม,1495,572,12,68,86,63,31,30,ลมม้วนเมฆแยก,-,-,"น่องนึ่งใบบัว, ชาไหวหนาน",ป่าหลินเอ๋อ,จิงหนัน,หมู่บ้านกุ้ยหยาง,
17519,ปกติ,ทหารวังใน,149,ลม,1503,484,24,88,62,63,18,22,โจมตีต่อเนื่อง,-,-,"เนื้อคะนึง, สุราราชสำนัก, กระดาษอี้ซุน(16)",ป่าจือจง,อี้โจว,เฉิงตู,
17412,ปกติ,พยัคฆ์ฉู่,150,ลม,1532,119,9,62,93,66,29,36,โจมตีต่อเนื่อง,-,-,"น่องนึ่งใบบัว, ชาดีเจียงหนาน, ม้าสวรรค์โลหิต",ป่าอี้หยาง,จิงหนัน,หลิงหลิง,
17650,ปกติ,ทหารนรก,150,ลม,1630,472,14,86,84,80,16,16,โจมตีต่อเนื่อง,-,-,น้ำมะพร้าว,ยอดเขาปูเหลา,หลิงหนาน,หลินอี้,
17393,ปกติ,กองวังหลวง,151,ลม,1533,509,8,92,66,65,21,44,โจมตีกระจาย,-,-,"เนื้อคะนึง, หมูปิ้งทั้งตัว, ยาคืนวิญญาณทอง, แผ่นไม้ไผ่จิง(17)",ป่าเซี่ยวโข่ว1,จิงเปีย,เซียงหยาง,
17628,ปกติ,ค่ายโจมตี,151,ลม,1603,530,26,74,71,75,24,28,ลมม้วนเมฆแยก,-,-,"เนื้อคะนึง, สุราธารใส, หนังเสือดาว(18)",แดนหิมะซั่งกู่2,ไซเป่ย,เผ่าซงหนูตะวันออก,
27093,ปกติ,กระดูกหญิง,151,ลม,3619,602,30,156,136,18,17,41,โจมตีสลบ,โจมตีต่อเนื่อง,-,"โสมคนร้อยปี, ยาน้ำสน",เขาดาบซากกระบี่2,นรก,ไป๋ตี้,
17523,ปกติ,ผู้กล้าสู่จ้วง,152,ลม,1590,540,36,97,57,72,25,16,โจมตีต่อเนื่อง,-,-,"เนื้อแพะนุ่ม, สุราหยกไข่มุก, หางจระเข้ยักษ์(17)",ป่าเจี้ยนเก๋อ1,อี้โจว,ลั่วเฉิง,
17517,ปกติ,หน่วยขวานยาว,153,ลม,1555,535,45,78,66,66,24,24,ลมม้วนเมฆแยก,-,-,"ไม้ผลป่าสุก, ชาฝนใส, สาลี่พลังปราณ(18)",ป่าปาจวิ้น,อี้โจว,ปาจวิ้น,
17421,ปกติ,ปล้นค่าย,154,ลม,1577,579,10,71,92,68,30,31,โจมตีกระจาย,-,-,"เห็ดเป่าฮื้อ, ชาหอมหยุ่นม่ง, เขี้ยวเจ้าสุกร(22)",ค่ายอู่หลิง1,จิงหนัน,หลิงหลิง,
17531,ปกติ,ผู้กล้าเฉิงอู่,156,ลม,1586,549,37,88,69,67,25,23,ลมม้วนเมฆแยก,-,-,"เนื้อแพะแห้ง, ชาไหวหนาน, แพรทอลีสัน(16)",ป่าเต๋อหยาง,อี้โจว,ปาจวิ้น,
27095,ปกติ,สัตว์หมัดท่อน,156,ลม,3735,618,32,165,140,18,17,37,ลมม้วนเมฆแยก,โจมตีกระจาย,-,"โสมคนร้อยปี, ยาน้ำสน",เขาดาบซากกระบี่3,นรก,ไป๋ตี้,
17399,ปกติ,ทหารทะลวงค่าย,158,ลม,1622,596,16,78,83,70,31,35,โจมตีกระจาย,-,-,"ปลาหลูปากแหลม, ปูหมั่นโถว, จระเข้ใหญ่(18)",ค่ายปาชิว1,จิงหนัน,ฉางซา,
17533,ปกติ,ค่ายเมืองจวี่,159,ลม,1573,458,31,88,83,62,27,25,โจมตีต่อเนื่อง,-,-,"รากบัวซวนจง, ชาเย็นเขาสู่, หนังเล็บมังกร(16)",ป่าหนานกว้าง,อี้โจว,เฉิงตู,
17424,ปกติ,มือง้าวยาว,160,ลม,1812,586,11,96,72,72,29,34,ลมม้วนเมฆแยก,-,-,"อุ้งตีนหมีป่า, ยาต่อวิญญาณ, แผ่นไม้ไผ่หยวน(23)",ช่องเขาอี้เต้า1,จิงหนัน,หลิงหลิง,
17537,ปกติ,ทหารช่องแคบ,161,ลม,1778,610,30,81,83,66,32,28,โจมตีกระจาย,-,-,"สาลี่เชียงจง, สุราสวรรค์, กระดูกขาหมีเทา(19)",ช่องเขาเซียนเปียน,อี้โจว,หนานเจิ้ง,
17630,ปกติ,ทหารปล้น,162,ลม,1894,548,29,81,78,81,23,30,โจมตีต่อเนื่อง,-,-,"เปี๊ยะเนื้อวัว, สุรานมแกะ, กระดูกขาเสือ(18)",ช่องเขาไปเต็ง1,ไซเป่ย,เผ่าซงหนูตะวันออก,
17535,ปกติ,ทหารดาบหลางจ้ง,162,ลม,1801,577,28,85,85,68,27,29,ลมม้วนเมฆแยก,-,-,"รากบัวซวนจง, ชาเย็นเขาสู่",ป่าหลางจ้ง,อี้โจว,ไป๋ตี้,
17427,ปกติ,ทหารศึกโล่กล้า,166,ลม,1894,600,10,95,83,76,29,32,โจมตีกระจาย,-,-,"น้ำผึ้งราชินี, สุราสตรีเชียง, เกล็ดกิเลนฟ้า(24)",ช่องเขาอี้เต้า2,จิงหนัน,หลิงหลิง,
17633,ปกติ,ทหารซุ่ม,168,ลม,1976,547,34,85,78,85,21,30,ลมม้วนเมฆแยก,-,-,"เปี๊ยะเนื้อวัว, สุรานมแกะ, กระดาษฟันอัน(25)",ช่องเขาไปเต็ง,ไซเป่ย,ซิงเฉียน,
17545,ปกติ,ผู้ห้าวหาญ,168,ลม,1839,612,31,88,86,66,30,32,ลมม้วนเมฆแยก,-,-,"ยาน้ำพลังปราณ, ยาต่อวิญญาณ, ไม้สนไหลเนื่อง(24)",ช่องเขาอินผิง,อี้โจว,ลั่วเฉิง,
17432,ปกติ,ทหารหอกยาว,169,ลม,1949,585,14,97,87,80,26,28,โจมตีต่อเนื่อง,-,-,"ยาปลอดโปร่ง, ยาต่อวิญญาณ, เกล็ดงูขาว(16)",ค่ายหยุนม่ง1,จิงหนัน,ฉางซา,
17483,ปกติ,หน่วยตุนหวง,170,ลม,1864,609,31,90,89,67,29,33,โจมตีต่อเนื่อง,-,-,"น้ำผึ้งราชินี, ยาต่อวิญญาณ, ขนกระต่าย(19)",ทะเลทรายตุนหวง,เหลียงโจว,ตุนหวง,
17550,ปกติ,หน่วยเกราะจ้า,172,ลม,1881,636,35,91,88,67,32,27,ลมม้วนเมฆแยก,-,-,"หมูปิ้งทั้งตัว, ยาต่อวิญญาณ, หนังกระเรียนไฟ(20)",ยอดเขาเทียนด้าง,อี้โจว,หนานเจิ้ง,
17486,ปกติ,ทหารเพี่ยวตู,174,ลม,1913,626,32,91,93,69,30,31,ลมม้วนเมฆแยก,-,-,"เปี๊ยะใหญ่แข็ง, สุราสวรรค์, ผ้าเจ็ดจรัส(21)",ทางเดินเจาอู่,เหลียงโจว,ตุนหวง,
17554,ปกติ,ค่ายจางอู่,176,ลม,1938,645,33,90,91,70,32,34,โจมตีต่อเนื่อง,-,-,"ยาเม็ดกุญแจหยก, ยาหมื่นมังกร, ม้าพันธุ์ดี, แผ่นไม้เขียว(21)",ไหล่เขาติ้งจวิน,อี้โจว,หนานเจิ้ง,
17558,ปกติ,ทหารเวยฮั่น,178,ลม,1948,628,33,92,97,69,29,32,โจมตีกระจาย,-,-,"ผักดอกหยก, สุราหอมเบญจมาศ, แสงลูกกล(21)",ป่าท่าจง3,อี้โจว,ลั่วเฉิง,
17560,ปกติ,ทหารชาวนา,180,ลม,1973,662,33,94,96,70,33,31,ลมม้วนเมฆแยก,-,-,"ยาเม็ดกุญแจหยก, สุราจันทร์งาม, ไม้โบราณชัฏ(21)",ป่าท่าจง4,อี้โจว,ลั่วเฉิง,
46037,ศักดิ์สิทธิ์,หน่วยพักแรม,40,ดิน,951,250,7,22,18,18,6,7,กระบี่ทลายพลุธา,-,-,"ชาพิรุณพรม, กุหลาบกรอบ",ป่าหนิวจู่2,เจียงตง,เจี้ยนเยี่ย,
46004,ศักดิ์สิทธิ์,ขุนขวานสับ,41,ดิน,992,259,7,20,21,22,7,7,กระบี่ทลายพลุธา,-,-,"ชาพิรุณพรม, ผงบัวเขียว",ป่าไหวอิน2,สวีโจว,เซี่ยพี,
46005,ศักดิ์สิทธิ์,ทหารบ้านเหล็ก,44,ดิน,1047,272,9,23,23,20,7,7,กระบี่ทลายพลุธา,-,-,"ปลาดำ, ปลาเส้นเงิน",ค่ายน้ำชวีอี้3,ไหวหนาน,โซ่วชุน,
46043,ศักดิ์สิทธิ์,ค่ายฝึกหนุน,44,ดิน,1052,272,10,23,21,21,7,7,กระบี่ทลายพลุธา,-,-,"ท้อกรอบใจถึงใจ, สุราเปิดดวง",ป่าอุยจี2,เจียงตง,อุยจี,
46010,ศักดิ์สิทธิ์,ทหารรอบค่าย,50,ดิน,1287,303,7,26,22,22,8,15,กระบี่ทลายพลุธา,-,-,"น่องไก่รมควัน, สุราโสมบริสุทธิ์",ป่าสือถิง2,ไหวหนาน,โซ่วชุน,
46046,ศักดิ์สิทธิ์,ขุนเยี่ยหาญ,51,ดิน,1321,301,9,26,22,24,7,13,กระบี่ทลายพลุธา,-,-,"ยาพอกคลายเอ็น, ข้าวเหนียวนึ่ง",ยอดเขาจิงเซียน2,เจียงตง,อู๋จวิ้น,
46013,ศักดิ์สิทธิ์,ทหารจั่วเจิ้น,55,ดิน,1432,318,8,26,25,27,7,14,กระบี่ทลายพลุธา,-,-,"สุราหอม, เกี๊ยวหมู",ป่าไผ่อิงขวน2,เหยียนโจว,หว่านเฉิง,
46050,ศักดิ์สิทธิ์,จ้าวเวทเยี่ย,57,ดิน,1496,326,31,7,32,30,7,6,แยกผืนพิภพ,-,-,"ปลาใหญ่ญี่ปุ่น, สุราใสบริสุทธิ์",บึงอูเฉิง2,เจียงตง,อู๋จวิ้น,
46019,ศักดิ์สิทธิ์,หน่วยทวนขวาง,60,ดิน,1676,350,9,30,26,28,9,16,กระบี่ทลายพลุธา,-,-,"ยารักษาระดับสอง, สุราใสบริสุทธิ์",ป่าหยู่หนาน2ล่าง,เหยียนโจว,หยู่หนาน,
46053,ศักดิ์สิทธิ์,ทหารจั่วเตี่ยน,60,ดิน,1687,350,10,28,26,30,9,14,กระบี่ทลายพลุธา,-,-,"ปลาใหญ่ญี่ปุ่น, สุราใสบริสุทธิ์",บึงเพิงเจ๋อ3,เจียงตง,เจี้ยนเยี่ย,
46057,ศักดิ์สิทธิ์,ทหารเรือลอย,64,ดิน,1801,361,12,30,30,32,8,14,กระบี่ทลายพลุธา,-,-,"ปลาหางหงส์, ชาหอมล้ำลึก",ค่ายผอหยาง,เจียงตง,เจี้ยนเยี่ย,
46024,ศักดิ์สิทธิ์,ทหารผนังเหล็ก,66,ดิน,1864,375,11,30,40,34,9,6,กระบี่ทลายพลุธา,-,-,"ข้าวเหนียวนึ่ง, ยาพอกคลายเอ็น",ป่าหว่านเฉิง,เหยียนโจว,หว่านเฉิง,
46062,ศักดิ์สิทธิ์,ทหารขว้างหิน,71,ดิน,2163,385,11,42,37,39,7,6,กระบี่ทลายพลุธา,-,-,"อาหารแห้ง, ปลาดาบวิเศษ",เขาชีโข2,ไหวหนาน,โซ่วชุน,
46028,ศักดิ์สิทธิ์,ไคเหล่าเต้า,72,ดิน,2180,400,42,6,34,37,9,16,แยกผืนพิภพ,-,-,"ยาน้ำมุไป, ยาปราณม่วง",ยอดเขาหวนหยวน,ซีอลิ,ลั่วหยาง,
46030,ศักดิ์สิทธิ์,อู่อิ๋งเว่ย,75,ดิน,2269,413,10,40,37,38,9,14,กระบี่ทลายพลุธา,-,-,"อาหารแห้ง, ยาพอกคลายเอ็น",ช่องเขาจืออู่ล่าง,กวนจง,ฉางอัน,
46067,ศักดิ์สิทธิ์,ยอดทหารจิ้น,75,ดิน,2275,419,12,38,36,39,10,14,กระบี่ทลายพลุธา,-,-,"ยาน้ำโสมป่า, สุราหอม",ป่าหลินเฟิน2,ปิ้งโจว,เผ่าซงหนูใต้,
46069,ศักดิ์สิทธิ์,กล้าตายเจี๋ย,80,ดิน,2591,434,12,42,41,42,9,14,กระบี่ทลายพลุธา,-,-,"อาหารแห้ง, สุราร้อนแรง",ป่าจิ้นหยาง3,ปิ้งโจว,เผ่าซงหนูใต้,
46034,ศักดิ์สิทธิ์,หมัดกล้าตาย,81,ดิน,2621,396,14,50,46,42,2,5,กระบี่ทลายพลุธา,-,-,"ผักกาดขาวดอง, สุราหยาบ",ป่าเป่ยตี้2,กวนจง,ฉางอัน,
46076,ศักดิ์สิทธิ์,เร้นกายปราชญ์,85,ดิน,2740,443,53,10,42,42,7,13,ทลายกวดพันทัพ,-,-,"อาหารแห้ง, ชาเตาหอม",ป่าซิ่นหยาง,จิงเปีย,เซียงหยาง,
46077,ศักดิ์สิทธิ์,ทหารธนูแกร่ง,89,ดิน,2884,477,13,48,45,46,10,15,ร้อยก้าวผ่าตะวัน,-,-,"เกี๊ยวหมู, สุราใสบริสุทธิ์",ป่าเซียนซาน3,จิงเปีย,เซียงหยาง,
46081,ศักดิ์สิทธิ์,ทหารค่ายหลัก,94,ดิน,3264,486,11,48,52,53,8,14,กระบี่ทลายพลุธา,-,-,"เนื้อแผ่น, สุราหยาบ",ป่าเนินซาง2,กวนจง,ฉางอัน,
46086,ศักดิ์สิทธิ์,ทหารม้าเหล็ก,101,ดิน,3714,515,9,62,57,57,8,8,กระบี่ทลายพลุธา,-,-,"ยาน้ำย้อนว่าง, สุราโซซี",เนินฉางปัน3,จิงเปีย,เซียงหยาง,
46090,ศักดิ์สิทธิ์,ทหารหมวกทอง,105,ดิน,3869,531,11,59,61,60,8,10,กระบี่ทลายพลุธา,-,-,"ผักกาดขาวดอง, สุราหยาบ",ช่องเขาจืออู่ล่าง,กวนจง,ฉางอัน,
46093,ศักดิ์สิทธิ์,ค่ายขึ้นเรือรบ,110,ดิน,4252,565,13,63,60,59,10,14,กระบี่ทลายพลุธา,-,-,ปลามจุด,ค่ายเจียงเซีย2ล่าง,จิงเปีย,เซียงหยาง,
46099,ศักดิ์สิทธิ์,ทหารหมวกดำ,115,ดิน,4471,579,12,66,63,65,9,12,กระบี่ทลายพลุธา,-,-,"สุรายงโจว, เนื้อวัวแห้ง",ป่าลี่เถิง2,เหลียงโจว,เทียนสุ่ย,
46001,ศักดิ์สิทธิ์,ทหารขึ้นใบ,40,น้ำ,946,245,9,21,21,17,5,5,สว่านน้ำแข็ง,-,-,"ปลาเส้นเงิน, หอยกาบหินดำ",ป่าหลูเจียง2,ไหวหนาน,โซ่วชุน,
46040,ศักดิ์สิทธิ์,ทหารหักทะลวง,41,น้ำ,972,259,6,21,20,18,7,7,สว่านน้ำแข็ง,-,-,"ชายอดใหม่, กุหลาบกรอบ",ป่าตานหยาง2,เจียงตง,เจี้ยนเยี่ย,
46041,ศักดิ์สิทธิ์,ทหารเรือยาว,44,น้ำ,1047,282,7,23,22,20,9,8,สว่านน้ำแข็ง,-,-,"ท้อกรอบใจถึงใจ, สุราเปิดดวง",ป่าชวนเฉิง2,เจียงตง,เจี้ยนเยี่ย,
46007,ศักดิ์สิทธิ์,หญิงดาบไว,45,น้ำ,1074,281,9,21,18,21,8,12,สว่านน้ำแข็ง,-,-,"ยาเม็ดสิบซ้ำ, สุราเปิดดวง",ป่าเซี่ยไซ่2บน,สวีโจว,สวีโจว,
46045,ศักดิ์สิทธิ์,ทหารเยี่ยกล้า,50,น้ำ,1303,303,9,25,23,25,8,11,สว่านน้ำแข็ง,-,-,"ข้าวเหนียวนึ่ง, ยาพอกคลายเอ็น",ยอดเขาจิงเซียน2,เจียงตง,อู๋จวิ้น,
46012,ศักดิ์สิทธิ์,เซิ่งฝ่าซือ,51,น้ำ,1311,307,30,4,22,22,8,15,จักรน้ำแข็งหมุนวน,-,-,"ยาน้ำโสมป่า, ชาเตาหอม",ป่าเซียงเชี่ยน3ล่าง,สวีโจว,สวีโจว,
46051,ศักดิ์สิทธิ์,โจรกลางบึง,55,น้ำ,1443,318,30,6,28,29,7,8,จักรน้ำแข็งหมุนวน,-,-,ปูนักรบ,บึงหวีหยาง2,เจียงตง,อุยจี,
46014,ศักดิ์สิทธิ์,ทหารฉืออวี่,56,น้ำ,1456,328,9,28,26,27,8,14,สว่านน้ำแข็ง,-,-,"เกี๊ยวหมู, สุราหอม",ป่าไผ่อิงขวน2,เหยียนโจว,หว่านเฉิง,
46017,ศักดิ์สิทธิ์,ค่ายผีไว,59,น้ำ,1539,346,9,27,29,29,9,15,สว่านน้ำแข็ง,-,-,"ยาเหลืองใหญ่, ชาหอมล้ำลึก",ป่าหร่างซาน2,เหยียนโจว,หว่านเฉิง,
46054,ศักดิ์สิทธิ์,กองสังหาร,62,น้ำ,1738,353,11,31,31,30,8,13,สว่านน้ำแข็ง,-,-,"ปลาใหญ่ญี่ปุ่น, สุราใสบริสุทธิ์",บึงเพิงเจ๋อ,เจียงตง,เจี้ยนเยี่ย,
46059,ศักดิ์สิทธิ์,ทหารกางใบ,64,น้ำ,1795,361,12,31,29,31,8,15,สว่านน้ำแข็ง,-,-,"ชาหอมล้ำลึก, ปลาหางหงส์",ค่ายผอหยาง2,เจียงตง,เจี้ยนเยี่ย,
46021,ศักดิ์สิทธิ์,ทหารค่าย,65,น้ำ,1832,365,12,31,30,33,8,16,สว่านน้ำแข็ง,-,-,"ซาละเปาเนื้อ, สุราร้อนแรง",ป่าหยางหยาง2,เหยียนโจว,หว่านเฉิง,
46027,ศักดิ์สิทธิ์,ซางเหล่าเต้า,71,น้ำ,2158,390,41,6,34,38,8,16,คะนึงเยือกจิต,-,-,"ยาน้ำมุไป, ยาปราณม่วง",ยอดเขาหวนหยวน2,ซีอลิ,ลั่วหยาง,
46064,ศักดิ์สิทธิ์,ทหารข้ามบึง,72,น้ำ,2180,406,12,36,34,37,10,14,สว่านน้ำแข็ง,-,-,ปลาซือจง,ค่ายอวี้จาง2,เจียงตง,เจี้ยนเยี่ย,
46032,ศักดิ์สิทธิ์,ซวีถุนเซี่ยว,75,น้ำ,2275,407,13,38,34,39,8,16,สว่านน้ำแข็ง,-,-,"ข้าวเหนียวนึ่ง, ยาปราณม่วง",ช่องเขาเสียกู่บน,กวนจง,ฉางอัน,
46068,ศักดิ์สิทธิ์,ขุนถุนสั่ว,76,น้ำ,2302,429,11,38,35,39,11,15,สว่านน้ำแข็ง,-,-,"ยาน้ำโสมป่า, สุราหอม",ป่าหลินเฟิน2,ปิ้งโจว,เผ่าซงหนูใต้,
46033,ศักดิ์สิทธิ์,กองคุ้มกัน,80,น้ำ,2585,434,12,42,38,41,9,17,สว่านน้ำแข็ง,-,-,"ผักกาดขาวดอง, สุราหยาบ",ป่าเป่ยตี้2,กวนจง,ฉางอัน,
46072,ศักดิ์สิทธิ์,ขุนหอมองไกล,81,น้ำ,2621,438,11,43,43,42,9,12,สว่านน้ำแข็ง,-,-,"อาหารแห้ง, สุราร้อนแรง",ป่าจิ้นหยาง2,ปิ้งโจว,ซังตั่ง,
46074,ศักดิ์สิทธิ์,ชาวนาแกร่ง,85,น้ำ,2734,455,11,46,47,41,9,13,สว่านน้ำแข็ง,-,-,"ข้าวเหนียวนึ่ง, ยาพอกคลายเอ็น",ป่าอั้วหลง2,จิงเปีย,เซียงหยาง,
46079,ศักดิ์สิทธิ์,ค่ายโล่หนัก,90,น้ำ,3093,469,12,53,50,46,8,9,สว่านน้ำแข็ง,-,-,"สุรายาแดนใต้, ยาเหนียวรักษา",ค่ายซังยา2,จิงเปีย,เซียงหยาง,
46082,ศักดิ์สิทธิ์,ทหารกันเมือง,95,น้ำ,3296,490,12,49,53,53,8,14,สว่านน้ำแข็ง,-,-,"เนื้อแผ่น, สุราหยาบ",ป่าเนินซาง2,กวนจง,ฉางอัน,
46088,ศักดิ์สิทธิ์,ทหารม้าหนัก,101,น้ำ,3714,515,9,62,57,57,8,8,สว่านน้ำแข็ง,-,-,"ปลาคอท, ชาเจี้ยนอัน",ป่าไม่เฉิง2,จิงเปีย,เจียงหลิง,
46089,ศักดิ์สิทธิ์,สายลับ,104,น้ำ,3829,527,13,60,56,59,8,12,สว่านน้ำแข็ง,-,-,"ผักกาดขาวดอง, สุราหยาบ",ช่องเขาจืออู่ล่าง,กวนจง,ฉางอัน,
46096,ศักดิ์สิทธิ์,จอมพลังเหยียน,111,น้ำ,4288,569,13,63,61,59,10,13,สว่านน้ำแข็ง,-,-,"เนื้อทูน่า, ชาเย็นใจ",ป่าหยวนหลิง,จิงหนัน,ฉางซา,
46098,ศักดิ์สิทธิ์,ทหารม้ากวนจง,116,น้ำ,4513,583,13,68,62,66,9,13,สว่านน้ำแข็ง,-,-,"ยาเม็ดช่วยโลก, สุราผิงหยา",ช่องเขาเสียกู่ล่าง,กวนจง,ฉางอัน,
46003,ศักดิ์สิทธิ์,ทหารกระบี่ยาว,40,ไฟ,946,250,6,22,18,17,6,9,กระบี่ทันตะวัน,-,-,"ชาพิรุณพรม, ผงบัวเขียว",ป่าไหวอิน2,สวีโจว,เมืองเซี่ยพี,
46038,ศักดิ์สิทธิ์,ทหารถุนจัว,42,ไฟ,1014,253,7,20,20,22,5,9,กระบี่ทันตะวัน,-,-,"ชาพิรุณพรม, กุหลาบกรอบ",ป่าหนิวจู่2,เจียงตง,เจี้ยนเยี่ย,
46006,ศักดิ์สิทธิ์,ทหารบ้านโทสะ,45,ไฟ,1063,281,9,22,23,19,8,8,มังกรคลั่งกลืนตะวัน,-,-,"ปลาเส้นเงิน, ปลาดำ",ค่ายน้ำชวีอี้3,ไหวหนาน,โซ่วชุน,
46044,ศักดิ์สิทธิ์,ทหารหมู่บ้าน,45,ไฟ,1079,281,8,20,23,22,8,8,มังกรคลั่งกลืนตะวัน,-,-,"ท้อกรอบใจถึงใจ, สุราเปิดดวง",ป่าอุยจี2,เจียงตง,อุยจี,
46011,ศักดิ์สิทธิ์,ฮ่วนเต้าจวิน,49,ไฟ,1165,304,29,5,21,22,9,11,เพลิงธารไร้ต้าน,-,-,"ยาน้ำโสมป่า, ชาเตาหอม",ป่าเซียงเชี่ยน3ล่าง,สวีโจว,สวีโจว,
46048,ศักดิ์สิทธิ์,ทหารเยี่ยคลั่ง,51,ไฟ,1332,301,8,26,24,26,7,10,มังกรคลั่งกลืนตะวัน,-,-,"ข้าวเหนียวนึ่ง, ยาพอกคลายเอ็น",ป่าซังหยาง1,เจียงตง,หมู่บ้านตงจื้อ,
46052,ศักดิ์สิทธิ์,โจรห่วงเหล็ก,56,ไฟ,1467,322,9,29,27,29,7,11,มังกรคลั่งกลืนตะวัน,-,-,ปูนักรบ,บึงหวีหยา,เจียงตง,อุยจี,
46016,ศักดิ์สิทธิ์,ค่ายเกราะห่วง,57,ไฟ,1479,337,9,28,25,27,9,15,กระบี่ทันตะวัน,-,-,"ฟักใหญ่, สุราร้อนแรง",ป่าหยางเฉิง2,เหยียนโจว,หว่านเฉิง,
46018,ศักดิ์สิทธิ์,ทหารตีกล้า,60,ไฟ,1709,345,5,35,30,34,8,6,มังกรคลั่งกลืนตะวัน,-,-,"ยาเหลืองใหญ่, ชาหอมล้ำลึก",ป่าหร่างซาน2,เหยียนโจว,หูหนาน,
46055,ศักดิ์สิทธิ์,ทหารอิ้วเตี่ยน,62,ไฟ,1733,359,12,30,29,29,9,15,มังกรคลั่งกลืนตะวัน,-,-,"ชานกวาวือ, ปลาดี้",บึงเพิงเจ๋อ4,เจียงตง,เจี้ยนเยี่ย,
46023,ศักดิ์สิทธิ์,ค่ายเชิงเทิน,65,ไฟ,1821,365,12,34,30,31,8,15,มังกรคลั่งกลืนตะวัน,-,-,"ข้าวเหนียวนึ่ง, ยาพอกคลายเอ็น",ป่าหว่านเฉิง,เหยียนโจว,หว่านเฉิง,
46060,ศักดิ์สิทธิ์,ทหารเรือตระเวน,65,ไฟ,1838,365,12,32,30,34,8,14,มังกรคลั่งกลืนตะวัน,-,-,"ชาหอมล้ำลึก, ปลาหางหงส์",ค่ายผอหยาง2,เจียงตง,เจี้ยนเยี่ย,
46061,ศักดิ์สิทธิ์,ค่ายเรือรบใหญ่,70,ไฟ,2118,392,12,34,32,36,9,15,มังกรคลั่งกลืนตะวัน,-,-,"อาหารแห้ง, ปลาดาบวิเศษ",เขาชีโข2,ไหวหนาน,โซ่วชุน,
46025,ศักดิ์สิทธิ์,ทหารเกราะโซ่,71,ไฟ,2146,385,13,36,33,36,7,16,มังกรคลั่งกลืนตะวัน,-,-,"อาหารแห้ง, สุราหอม",ป่าด่านอู่กวน2,กวนจง,ฉางอัน,
46031,ศักดิ์สิทธิ์,ทหารอิ้วเจิ้น,74,ไฟ,2253,391,12,37,35,40,6,17,กระบี่ทันตะวัน,-,-,"ข้าวเหนียวนึ่ง, ยาปราณม่วง",ช่องเขาเสียกู่บน,กวนจง,ฉางอัน,
46065,ศักดิ์สิทธิ์,หน่วยหมัดร้าย,75,ไฟ,2304,389,9,45,41,44,5,5,มังกรคลั่งกลืนตะวัน,-,-,"เกี๊ยวหมู, ยาปราณม่วง",ป่าผิงหยาง2,ปิ้งโจว,เผ่าซงหนูใต้,
46035,ศักดิ์สิทธิ์,ชาวนาจอบ,81,ไฟ,2615,438,48,7,40,41,9,15,ห้าอสนีถล่มยอด,-,-,"ยาน้ำย้อนว่าง, ชาก่อนวสันต์",เนินป๋อวั่ง,จิงเปีย,เซียงหยาง,
46070,ศักดิ์สิทธิ์,ขุนกล้าเจี๋ย,81,ไฟ,2609,444,12,43,40,40,10,15,มังกรคลั่งกลืนตะวัน,-,-,"อาหารแห้ง, สุราร้อนแรง",ป่าจิ้นหยาง3,ปิ้งโจว,เผ่าซงหนูใต้,
46075,ศักดิ์สิทธิ์,เร้นกายโลกคลาย,84,ไฟ,2722,438,52,11,41,44,7,12,เพลิงอารไร้ต้าน,-,-,"อาหารแห้ง, ชาเตาหอม",ป่าซิ่นหยาง2,จิงเปีย,เซียงหยาง,
46080,ศักดิ์สิทธิ์,ทหารกล้าเขา,91,ไฟ,3144,473,10,53,50,49,8,8,มังกรคลั่งกลืนตะวัน,-,-,"ยาเหนียวรักษา, สุรายาแดนใต้",ค่ายซังยา2,จิงเปีย,เซียงหยาง,
46084,ศักดิ์สิทธิ์,ทหารม้าเสือ,95,ไฟ,3296,490,9,57,54,53,8,8,มังกรคลั่งกลืนตะวัน,-,-,"กะหล่ำปลี, สุราเจียวติ",ป่าเจียงหลิง,จิงเปีย,เจียงหลิง,
46085,ศักดิ์สิทธิ์,ทหารโลหิต,100,ไฟ,3674,523,13,53,51,56,10,13,มังกรคลั่งกลืนตะวัน,-,-,"ยาน้ำย้อนว่าง, สุราโซซี",เนินฉางปัน3,จิงเปีย,เซียงหยาง,
46091,ศักดิ์สิทธิ์,ทหารเสือหมี,104,ไฟ,3822,527,12,62,57,58,8,11,มังกรคลั่งกลืนตะวัน,-,-,"เนื้อแผ่น, ชานมร้อน",ช่องเขาจีกู่2,เหลียงโจว,เทียนสุ่ย,
46095,ศักดิ์สิทธิ์,เซี่ยวทหารเรือ,110,ไฟ,4259,565,12,64,60,60,10,13,กระบี่ทันตะวัน,-,-,"ชาเย็นใจ, เนื้อหมูดำ",ป่าหยวนหลิง,จิงหนัน,ฉางซา,
46100,ศักดิ์สิทธิ์,ทหารม้ายงเลียง,116,ไฟ,4500,583,13,67,65,64,9,13,มังกรคลั่งกลืนตะวัน,-,-,"เนื้อวัวแห้ง, สุรายงโจว",ป่าลี่เถิง,เหลียงโจว,เทียนสุ่ย,
46039,ศักดิ์สิทธิ์,เขียวตานหยาง,40,ลม,961,250,6,18,21,20,6,7,มายาโจมตีต่อเนื่อง,-,-,"ชายอดใหม่, กุหลาบกรอบ",ป่าตานหยาง2,เจียงตง,เจี้ยนเยี่ย,
46002,ศักดิ์สิทธิ์,ทหารพวงมาลัย,41,ลม,972,259,9,22,20,18,7,6,มายาโจมตีต่อเนื่อง,-,-,"ปลาเส้นเงิน, หอยกาบหินดำ",ป่าหลูเจียง2,ไหวหวาน,โซ่วชุน,
46042,ศักดิ์สิทธิ์,ทหารม้าราว,45,ลม,1079,281,9,23,21,22,8,6,มายาโจมตีต่อเนื่อง,-,-,"ท้อกรอบใจถึงใจ, สุราเปิดดวง",ป่าชวนเฉิง2,เจียงตง,เจี้ยนเยี่ย,
46008,ศักดิ์สิทธิ์,หญิงกระบี่ไว,46,ลม,1101,280,8,22,18,22,7,12,มายาโจมตีต่อเนื่อง,-,-,"ยาเม็ดสิบซ้ำ, สุราเปิดดวง",ป่าเซี่ยไซ่2บน,สวีโจว,สวีโจว,
46009,ศักดิ์สิทธิ์,ทหารเกราะหมวก,49,ลม,1176,293,8,22,22,24,7,13,มายาโจมตีต่อเนื่อง,-,-,"น่องไก่รมควัน, สุราใสบริสุทธิ์",ป่าสือถิง2,ไหวหนาน,โซ่วชุน,
46047,ศักดิ์สิทธิ์,ทหารเยี่ยแล้ง,50,ลม,1303,303,9,24,23,25,8,12,มายาโจมตีต่อเนื่อง,-,-,"ข้าวเหนียวนึ่ง, ยาพอกคลายเอ็น",ป่าซังเหยา1,เจียงตง,หมู่บ้านตงจื้อ,
46015,ศักดิ์สิทธิ์,ทหารดาบถู,56,ลม,1439,333,8,29,27,24,9,15,มายาโจมตีต่อเนื่อง,-,-,"ฟักใหญ่, สุราร้อนแรง",ป่าหยางเฉิง2,เหยียนโจว,หว่านเฉิง,
46049,ศักดิ์สิทธิ์,ทหารดาบเยี่ย,56,ลม,1461,328,10,28,26,28,8,12,มายาโจมตีต่อเนื่อง,-,-,"ปลาใหญ่ญี่ปุ่น, สุราใสบริสุทธิ์",บึงอูเฉิง2,เจียงตง,อู๋จวิ้น,
46020,ศักดิ์สิทธิ์,หน่วยง้าวคู่,61,ลม,1713,354,10,29,27,30,9,14,มายาโจมตีต่อเนื่อง,-,-,"ยารักษาระดับสอง, สุราใสบริสุทธิ์",ป่าหยู่หนาน2ล่าง,เหยียนโจว,หยู่หนาน,
46056,ศักดิ์สิทธิ์,ค่ายเกราะต่อ,61,ลม,1707,360,8,30,28,29,10,14,มายาโจมตีต่อเนื่อง,-,-,"ชานกวาวือ, ปลาดี้",บึงเพิงเจ๋อ4,เจียงตง,เจี้ยนเยี่ย,
46058,ศักดิ์สิทธิ์,ทหารพายหนัก,65,ลม,1838,365,11,33,32,34,8,12,มายาโจมตีต่อเนื่อง,-,-,"ชาหอมล้ำลึก, ปลาหางหงส์",ค่ายผอหยาง3,เจียงตง,เจี้ยนเยี่ย,
46022,ศักดิ์สิทธิ์,ขุนดาบฟาง,66,ลม,1852,375,14,33,28,32,9,14,มายาโจมตีต่อเนื่อง,-,-,"ซาละเปาเนื้อ, สุราร้อนแรง",ป่าหยงหยาง2,เหยียนโจว,หว่านเฉิง,
46063,ศักดิ์สิทธิ์,ทหารหู่หลิน,70,ลม,2124,392,11,33,33,37,9,14,มายาโจมตีต่อเนื่อง,-,-,ปลาซือจง,ค่ายอวี้จาง2,เจียงตง,เจี้ยนเยี่ย,
46026,ศักดิ์สิทธิ์,ทหารคมแกร่ง,71,ลม,2146,390,13,35,34,36,8,15,มายาโจมตีต่อเนื่อง,-,-,"อาหารแห้ง, สุราหอม",ป่าด่านอู่กวน2,กวนจง,ฉางอัน,
46029,ศักดิ์สิทธิ์,ทหารจิ้นเตี่ยน,74,ลม,2247,403,11,39,36,39,8,15,มายาโจมตีต่อเนื่อง,-,-,"อาหารแห้ง, ยาพอกคลายเอ็น",ช่องเขาจืออู่ล่าง,กวนจง,ฉางอัน,
46066,ศักดิ์สิทธิ์,ขุนทะลวงเขา,76,ลม,2302,417,12,39,37,39,9,13,มายาโจมตีต่อเนื่อง,-,-,"เกี๊ยวหมู, ยาปราณม่วง",ป่าผิงหยาง2,ปิ้งโจว,เผ่าซงหนูใต้,
46071,ศักดิ์สิทธิ์,ทหารประจำเหนือ,80,ลม,2585,434,12,40,43,41,9,15,มายาโจมตีต่อเนื่อง,-,-,"อาหารแห้ง, สุราร้อนแรง",ป่าจั่วหยวน2,ปิ้งโจว,ซังตั่ง,
46036,ศักดิ์สิทธิ์,ชาวนาคันไถ,82,ลม,2639,448,47,7,42,40,10,16,กระสุนลมทมิฬ,-,-,"ยาน้ำย้อนว่าง, ชาก่อนวสันต์",เนินป๋อวั่ง2,จิงเปีย,เซียงหยาง,
46073,ศักดิ์สิทธิ์,หญิงตัดหญ้า,84,ลม,2698,457,13,44,42,40,10,18,มายาโจมตีต่อเนื่อง,-,-,"ข้าวเหนียวนึ่ง, ยาพอกคลายเอ็น",ป่าอั้วหลง2,จิงเปีย,เซียงหยาง,
46078,ศักดิ์สิทธิ์,ทหารธนูบิน,90,ลม,3093,482,13,50,44,46,10,16,ร้อยก้าวผ่าตะวัน,-,-,"ยาน้ำระงับว่าง, ชาก่อนวสันต์",ป่าเซียนซาน3,จิงเปีย,เซียงหยาง,
46083,ศักดิ์สิทธิ์,ทหารม้าเสือดาว,94,ลม,3264,486,9,55,51,53,8,8,มายาโจมตีต่อเนื่อง,-,-,"กะหล่ำปลี, สุราเจียวติ",ป่าเจียงหลิง,จิงเปีย,เจียงหลิง,
46087,ศักดิ์สิทธิ์,ค่ายลอบตี,100,ลม,3662,523,12,55,52,54,10,13,มายาโจมตีต่อเนื่อง,-,-,"ปลาคอท, ชาเจี้ยนอัน",ป่าไม่เฉิง2,จิงเปีย,เจียงหลิง,
46092,ศักดิ์สิทธิ์,ทหารเหยี่ยวร้า,105,ลม,3869,531,10,61,56,60,8,13,มายาโจมตีต่อเนื่อง,-,-,"เนื้อแผ่น, ชานมร้อน",ช่องเขาจีกู่2,เหลียงโจว,เทียนสุ่ย,
46094,ศักดิ์สิทธิ์,ทหารคุมคลัง,111,ลม,4288,569,15,64,59,59,10,12,มายาโจมตีต่อเนื่อง,-,-,ปูสามจุด,ค่ายเจียงเซีย2ล่าง,จิงเปีย,เซียงหยาง,
46097,ศักดิ์สิทธิ์,หน่วยกระบี่วาบ,115,ลม,4458,579,12,67,64,63,9,12,มายาโจมตีต่อเนื่อง,-,-,"ยาเม็ดช่วยโลก, สุราผิงหยา",ช่องเขาเสียกู่ล่าง,กวนจง,ฉางอัน,
